linea,estacion,dev_id,id_linea
FFCC MITRE-SUAREZ,FFCC Mitre Est. Cetr慙golo,8908,429
FFCC MITRE-SUAREZ,FFCC Mitre Est. Cetr慙golo,8957,429
FFCC MITRE-SUAREZ,FFCC Mitre Est. Cetr慙golo,9877,429
FFCC MITRE-SUAREZ,FFCC Mitre Est. Coghlan,7890,429
FFCC MITRE-SUAREZ,FFCC Mitre Est. J. L. Suarez,8924,429
FFCC MITRE-SUAREZ,FFCC Mitre Est. J. L. Suarez,9569,429
FFCC MITRE-SUAREZ,FFCC Mitre Est. Pueyrredon,12297,429
FFCC MITRE-SUAREZ,FFCC Mitre Est. Retiro,10399,429
FFCC MITRE-SUAREZ,FFCC Mitre Est. Retiro,10400,429
FFCC MITRE-SUAREZ,FFCC Mitre Est. Retiro,10412,429
FFCC MITRE-SUAREZ,FFCC Mitre Est. Retiro,10644,429
FFCC MITRE-SUAREZ,FFCC Mitre Est. Retiro,10737,429
FFCC MITRE-SUAREZ,FFCC Mitre Est. Retiro,10909,429
FFCC MITRE-SUAREZ,FFCC Mitre Est. Retiro,12631,429
FFCC MITRE-SUAREZ,FFCC Mitre Est. Urquiza,11857,429
FFCC MITRE-SUAREZ,FFCC Mitre Est. V. Ballester,8846,429
FFCC MITRE-SUAREZ,FFCC Mitre Est. V. Ballester,9558,429
FFCC MITRE-TIGRE,FFCC Mitre Est. Acassuso,6388,430
FFCC MITRE-TIGRE,FFCC Mitre Est. Beccar,7768,430
FFCC MITRE-TIGRE,FFCC Mitre Est. Belgrano C.,7348,430
FFCC MITRE-TIGRE,FFCC Mitre Est. Belgrano C.,7419,430
FFCC MITRE-TIGRE,FFCC Mitre Est. La Lucila,7420,430
FFCC MITRE-TIGRE,FFCC Mitre Est. Lisandro de la Torre,7603,430
FFCC MITRE-TIGRE,FFCC Mitre Est. Martinez,7384,430
FFCC MITRE-TIGRE,FFCC Mitre Est. Martinez,7414,430
FFCC MITRE-TIGRE,FFCC Mitre Est. Nu叉z,7534,430
FFCC MITRE-TIGRE,FFCC Mitre Est. Nu叉z,7813,430
FFCC MITRE-TIGRE,FFCC Mitre Est. Retiro,10270,430
FFCC MITRE-TIGRE,FFCC Mitre Est. Retiro,10675,430
FFCC MITRE-TIGRE,FFCC Mitre Est. Retiro,10735,430
FFCC MITRE-TIGRE,FFCC Mitre Est. San Fernando,8025,430
FFCC MITRE-TIGRE,FFCC Mitre Est. San Fernando,8049,430
FFCC MITRE-TIGRE,FFCC Mitre Est. San isidro,7345,430
FFCC MITRE-TIGRE,FFCC Mitre Est. San isidro,7431,430
FFCC MITRE-TIGRE,FFCC Mitre Est. Tigre,8044,430
FFCC MITRE-TIGRE,FFCC Mitre Est. V. L▉ez,8077,430
FFCC MITRE-TIGRE,FFCC Mitre Est. Victoria,7801,430
FFCC MITRE-TIGRE,FFCC Mitre Est. Virreyes,7817,430
FFCC SAN MARTIN,FFCC San Martin - Est. Bella Vista,11573,350
FFCC SAN MARTIN,FFCC San Martin - Est. Bella Vista,11873,350
FFCC SAN MARTIN,FFCC San Martin - Est. Bella Vista,12284,350
FFCC SAN MARTIN,FFCC San Martin - Est. Caseros,9647,350
FFCC SAN MARTIN,FFCC San Martin - Est. Caseros,9668,350
FFCC SAN MARTIN,FFCC San Martin - Est. Caseros,11599,350
FFCC SAN MARTIN,FFCC San Martin - Est. Chacarita,11805,350
FFCC SAN MARTIN,FFCC San Martin - Est. Chacarita,12196,350
FFCC SAN MARTIN,FFCC San Martin - Est. Derqui,11758,350
FFCC SAN MARTIN,FFCC San Martin - Est. Hurlingham,10717,350
FFCC SAN MARTIN,FFCC San Martin - Est. Jose C.Paz,11811,350
FFCC SAN MARTIN,FFCC San Martin - Est. Mu夕z,11854,350
FFCC SAN MARTIN,FFCC San Martin - Est. Palermo,10743,350
FFCC SAN MARTIN,FFCC San Martin - Est. Palomar,8883,350
FFCC SAN MARTIN,FFCC San Martin - Est. Retiro,8909,350
FFCC SAN MARTIN,FFCC San Martin - Est. Retiro,9633,350
FFCC SAN MARTIN,FFCC San Martin - Est. Retiro,9658,350
FFCC SAN MARTIN,FFCC San Martin - Est. Retiro,9670,350
FFCC SAN MARTIN,FFCC San Martin - Est. Retiro,10179,350
FFCC SAN MARTIN,FFCC San Martin - Est. Retiro,10191,350
FFCC SAN MARTIN,FFCC San Martin - Est. Retiro,10364,350
FFCC MITRE-SUAREZ,FFCC Mitre Est. J. L. Suarez,8879,429
FFCC MITRE-SUAREZ,FFCC Mitre Est. J. L. Suarez,8928,429
FFCC MITRE-SUAREZ,FFCC Mitre Est. Pueyrredon,11662,429
FFCC MITRE-SUAREZ,FFCC Mitre Est. Retiro,10402,429
FFCC MITRE-SUAREZ,FFCC Mitre Est. Retiro,10697,429
FFCC MITRE-SUAREZ,FFCC Mitre Est. Retiro,10734,429
FFCC MITRE-SUAREZ,FFCC Mitre Est. Retiro,10837,429
FFCC MITRE-SUAREZ,FFCC Mitre Est. Urquiza,7916,429
FFCC MITRE-SUAREZ,FFCC Mitre Est. V. Ballester,8965,429
FFCC MITRE-TIGRE,FFCC Mitre Est. Acassuso,7399,430
FFCC MITRE-TIGRE,FFCC Mitre Est. Beccar,7797,430
FFCC MITRE-TIGRE,FFCC Mitre Est. Carupa,8079,430
FFCC MITRE-TIGRE,FFCC Mitre Est. Lisandro de la Torre,7770,430
FFCC MITRE-TIGRE,FFCC Mitre Est. Lisandro de la Torre,8040,430
FFCC MITRE-TIGRE,FFCC Mitre Est. Martinez,7413,430
FFCC MITRE-TIGRE,FFCC Mitre Est. Nu叉z,7622,430
FFCC MITRE-TIGRE,FFCC Mitre Est. Olivos,8074,430
FFCC MITRE-TIGRE,FFCC Mitre Est. Olivos,8141,430
FFCC MITRE-TIGRE,FFCC Mitre Est. Retiro,10181,430
FFCC MITRE-TIGRE,FFCC Mitre Est. Retiro,10229,430
FFCC MITRE-TIGRE,FFCC Mitre Est. Retiro,10280,430
FFCC MITRE-TIGRE,FFCC Mitre Est. Retiro,10647,430
FFCC MITRE-TIGRE,FFCC Mitre Est. San Fernando,8048,430
FFCC MITRE-TIGRE,FFCC Mitre Est. San isidro,7331,430
FFCC MITRE-TIGRE,FFCC Mitre Est. San isidro,7396,430
FFCC MITRE-TIGRE,FFCC Mitre Est. San isidro,7454,430
FFCC MITRE-TIGRE,FFCC Mitre Est. Tigre,8027,430
FFCC MITRE-TIGRE,FFCC Mitre Est. V. L▉ez,7910,430
FFCC MITRE-TIGRE,FFCC Mitre Est. Victoria,7787,430
FFCC MITRE-TIGRE,FFCC Mitre Est. Victoria,7903,430
FFCC MITRE-TIGRE,FFCC Mitre Est. Virreyes,7800,430
FFCC SAN MARTIN,FFCC San Martin - Est. Bella Vista,11213,350
FFCC SAN MARTIN,FFCC San Martin - Est. Bella Vista,11233,350
FFCC SAN MARTIN,FFCC San Martin - Est. Bella Vista,11779,350
FFCC SAN MARTIN,FFCC San Martin - Est. Bella Vista,11827,350
FFCC SAN MARTIN,FFCC San Martin - Est. Caseros,8916,350
FFCC SAN MARTIN,FFCC San Martin - Est. Caseros,12295,350
FFCC SAN MARTIN,FFCC San Martin - Est. Devoto,8930,350
FFCC SAN MARTIN,FFCC San Martin - Est. Hurlingham,8990,350
FFCC SAN MARTIN,FFCC San Martin - Est. Hurlingham,10751,350
FFCC SAN MARTIN,FFCC San Martin - Est. Jose C.Paz,11839,350
FFCC SAN MARTIN,FFCC San Martin - Est. Jose C.Paz,12293,350
FFCC SAN MARTIN,FFCC San Martin - Est. Mu夕z,11876,350
FFCC SAN MARTIN,FFCC San Martin - Est. Pilar,11765,350
FFCC SAN MARTIN,FFCC San Martin - Est. Retiro,8906,350
FFCC SAN MARTIN,FFCC San Martin - Est. Retiro,8907,350
FFCC SAN MARTIN,FFCC San Martin - Est. Retiro,8918,350
FFCC SAN MARTIN,FFCC San Martin - Est. Retiro,9631,350
FFCC SAN MARTIN,FFCC San Martin - Est. Retiro,9643,350
FFCC SAN MARTIN,FFCC San Martin - Est. Retiro,9654,350
FFCC SAN MARTIN,FFCC San Martin - Est. Retiro,9667,350
FFCC SAN MARTIN,FFCC San Martin - Est. Retiro,10170,350
FFCC SAN MARTIN,FFCC San Martin - Est. Retiro,10311,350
FFCC SAN MARTIN,FFCC San Martin - Est. Saenz Pe兀,11584,350
FFCC SAN MARTIN,FFCC San Martin - Est. Saenz Pe兀,12208,350
FFCC SAN MARTIN,FFCC San Martin - Est. San Miguel,11550,350
FFCC SAN MARTIN,FFCC San Martin - Est. Villa del Parque,8890,350
FFCC SARMIENTO,Caballito,7856,427
FFCC SARMIENTO,Castelar,8032,427
FFCC MITRE-SUAREZ,FFCC Mitre Est. Belgrano R.,8106,429
FFCC MITRE-SUAREZ,FFCC Mitre Est. Cetr慙golo,8931,429
FFCC MITRE-SUAREZ,FFCC Mitre Est. Florida,11771,429
FFCC MITRE-SUAREZ,FFCC Mitre Est. Florida,12285,429
FFCC MITRE-SUAREZ,FFCC Mitre Est. Florida,12307,429
FFCC MITRE-SUAREZ,FFCC Mitre Est. J. L. Suarez,8844,429
FFCC MITRE-SUAREZ,FFCC Mitre Est. J. L. Suarez,8941,429
FFCC MITRE-SUAREZ,FFCC Mitre Est. Mitre,11268,429
FFCC MITRE-SUAREZ,FFCC Mitre Est. Retiro,10393,429
FFCC MITRE-SUAREZ,FFCC Mitre Est. Retiro,10649,429
FFCC MITRE-SUAREZ,FFCC Mitre Est. Retiro,10698,429
FFCC MITRE-SUAREZ,FFCC Mitre Est. Saavedra,7805,429
FFCC MITRE-SUAREZ,FFCC Mitre Est. V. Ballester,8873,429
FFCC MITRE-SUAREZ,FFCC Mitre Est. V. Ballester,8885,429
FFCC MITRE-SUAREZ,FFCC Mitre Est. V. Ballester,8897,429
FFCC MITRE-SUAREZ,FFCC Mitre Est. V. Ballester,8933,429
FFCC MITRE-SUAREZ,FFCC Mitre Est. V. Ballester,9649,429
FFCC MITRE-TIGRE,FFCC Mitre Est. Acassuso,7418,430
FFCC MITRE-TIGRE,FFCC Mitre Est. Acassuso,7502,430
FFCC MITRE-TIGRE,FFCC Mitre Est. Acassuso,7527,430
FFCC MITRE-TIGRE,FFCC Mitre Est. Carupa,7777,430
FFCC MITRE-TIGRE,FFCC Mitre Est. Carupa,8092,430
FFCC MITRE-TIGRE,FFCC Mitre Est. La Lucila,7404,430
FFCC MITRE-TIGRE,FFCC Mitre Est. Nu叉z,7588,430
FFCC MITRE-TIGRE,FFCC Mitre Est. Nu叉z,8062,430
FFCC MITRE-TIGRE,FFCC Mitre Est. Olivos,7408,430
FFCC MITRE-TIGRE,FFCC Mitre Est. Retiro,7864,430
FFCC MITRE-TIGRE,FFCC Mitre Est. Retiro,10207,430
FFCC MITRE-TIGRE,FFCC Mitre Est. Retiro,10648,430
FFCC MITRE-TIGRE,FFCC Mitre Est. Retiro,10746,430
FFCC MITRE-TIGRE,FFCC Mitre Est. Rivadavia,7540,430
FFCC MITRE-TIGRE,FFCC Mitre Est. Rivadavia,8146,430
FFCC MITRE-TIGRE,FFCC Mitre Est. San Fernando,8047,430
FFCC MITRE-TIGRE,FFCC Mitre Est. San Fernando,8070,430
FFCC MITRE-TIGRE,FFCC Mitre Est. San isidro,7782,430
FFCC MITRE-TIGRE,FFCC Mitre Est. San isidro,7788,430
FFCC MITRE-TIGRE,FFCC Mitre Est. San isidro,7811,430
FFCC MITRE-TIGRE,FFCC Mitre Est. Tigre,8022,430
FFCC MITRE-TIGRE,FFCC Mitre Est. Tigre,8028,430
FFCC MITRE-TIGRE,FFCC Mitre Est. V. L▉ez,7453,430
FFCC MITRE-TIGRE,FFCC Mitre Est. V. L▉ez,7562,430
FFCC SAN MARTIN,FFCC San Martin - Est. Caseros,9662,350
FFCC SAN MARTIN,FFCC San Martin - Est. Caseros,9663,350
FFCC SAN MARTIN,FFCC San Martin - Est. Caseros,11606,350
FFCC SAN MARTIN,FFCC San Martin - Est. Devoto,8806,350
FFCC SAN MARTIN,FFCC San Martin - Est. Devoto,8818,350
FFCC SAN MARTIN,FFCC San Martin - Est. Devoto,11262,350
FFCC SAN MARTIN,FFCC San Martin - Est. Hurlingham,8922,350
FFCC SAN MARTIN,FFCC San Martin - Est. Hurlingham,9629,350
FFCC SAN MARTIN,FFCC San Martin - Est. Hurlingham,9653,350
FFCC SAN MARTIN,FFCC San Martin - Est. Jose C.Paz,11804,350
FFCC SAN MARTIN,FFCC San Martin - Est. Jose C.Paz,11816,350
FFCC SAN MARTIN,FFCC San Martin - Est. Mu夕z,11850,350
FFCC SAN MARTIN,FFCC San Martin - Est. Palermo,11451,350
FFCC SAN MARTIN,FFCC San Martin - Est. Palomar,9651,350
FFCC SAN MARTIN,FFCC San Martin - Est. Paternal,8836,350
FFCC SAN MARTIN,FFCC San Martin - Est. Retiro,8942,350
FFCC SAN MARTIN,FFCC San Martin - Est. Retiro,9669,350
FFCC SAN MARTIN,FFCC San Martin - Est. Retiro,10183,350
FFCC MITRE-SUAREZ,FFCC Mitre Est. Drago,7867,429
FFCC MITRE-SUAREZ,FFCC Mitre Est. Florida,12252,429
FFCC MITRE-SUAREZ,FFCC Mitre Est. J. L. Suarez,8835,429
FFCC MITRE-SUAREZ,FFCC Mitre Est. J. L. Suarez,8847,429
FFCC MITRE-SUAREZ,FFCC Mitre Est. J. L. Suarez,12495,429
FFCC MITRE-SUAREZ,FFCC Mitre Est. Mitre,11180,429
FFCC MITRE-SUAREZ,FFCC Mitre Est. Mitre,11349,429
FFCC MITRE-SUAREZ,FFCC Mitre Est. Pueyrredon,11752,429
FFCC MITRE-SUAREZ,FFCC Mitre Est. Retiro,10627,429
FFCC MITRE-SUAREZ,FFCC Mitre Est. Retiro,10639,429
FFCC MITRE-SUAREZ,FFCC Mitre Est. Retiro,10659,429
FFCC MITRE-SUAREZ,FFCC Mitre Est. Retiro,10719,429
FFCC MITRE-SUAREZ,FFCC Mitre Est. Urquiza,8869,429
FFCC MITRE-SUAREZ,FFCC Mitre Est. V. Ballester,8925,429
FFCC MITRE-TIGRE,FFCC Mitre Est. Beccar,7816,430
FFCC MITRE-TIGRE,FFCC Mitre Est. Belgrano C.,7308,430
FFCC MITRE-TIGRE,FFCC Mitre Est. Belgrano C.,7379,430
FFCC MITRE-TIGRE,FFCC Mitre Est. Belgrano C.,7385,430
FFCC MITRE-TIGRE,FFCC Mitre Est. Belgrano C.,7484,430
FFCC MITRE-TIGRE,FFCC Mitre Est. La Lucila,7753,430
FFCC MITRE-TIGRE,FFCC Mitre Est. Olivos,8112,430
FFCC MITRE-TIGRE,FFCC Mitre Est. Retiro,10250,430
FFCC MITRE-TIGRE,FFCC Mitre Est. Retiro,10261,430
FFCC MITRE-TIGRE,FFCC Mitre Est. Retiro,10622,430
FFCC MITRE-TIGRE,FFCC Mitre Est. Retiro,10670,430
FFCC MITRE-TIGRE,FFCC Mitre Est. Retiro,10863,430
FFCC MITRE-TIGRE,FFCC Mitre Est. Rivadavia,7556,430
FFCC MITRE-TIGRE,FFCC Mitre Est. Rivadavia,8117,430
FFCC MITRE-TIGRE,FFCC Mitre Est. San isidro,7306,430
FFCC MITRE-TIGRE,FFCC Mitre Est. San isidro,7783,430
FFCC MITRE-TIGRE,FFCC Mitre Est. Tigre,8060,430
FFCC MITRE-TIGRE,FFCC Mitre Est. Victoria,7789,430
FFCC MITRE-TIGRE,FFCC Mitre Est. Victoria,7799,430
FFCC MITRE-TIGRE,FFCC Mitre Est. Virreyes,7781,430
FFCC SAN MARTIN,FFCC San Martin - Est. Chacarita,11607,350
FFCC SAN MARTIN,FFCC San Martin - Est. Chacarita,11619,350
FFCC SAN MARTIN,FFCC San Martin - Est. Devoto,11470,350
FFCC SAN MARTIN,FFCC San Martin - Est. Hurlingham,10631,350
FFCC SAN MARTIN,FFCC San Martin - Est. Jose C.Paz,11819,350
FFCC SAN MARTIN,FFCC San Martin - Est. Jose C.Paz,11843,350
FFCC SAN MARTIN,FFCC San Martin - Est. Jose C.Paz,12050,350
FFCC SAN MARTIN,FFCC San Martin - Est. Jose C.Paz,12123,350
FFCC SAN MARTIN,FFCC San Martin - Est. Mu夕z,11835,350
FFCC SAN MARTIN,FFCC San Martin - Est. Mu夕z,11858,350
FFCC SAN MARTIN,FFCC San Martin - Est. Mu夕z,11969,350
FFCC SAN MARTIN,FFCC San Martin - Est. Palermo,10739,350
FFCC SAN MARTIN,FFCC San Martin - Est. Palermo,11466,350
FFCC SAN MARTIN,FFCC San Martin - Est. Palomar,9860,350
FFCC SAN MARTIN,FFCC San Martin - Est. Paternal,9561,350
FFCC SAN MARTIN,FFCC San Martin - Est. Paternal,11524,350
FFCC SAN MARTIN,FFCC San Martin - Est. Retiro,8902,350
FFCC SAN MARTIN,FFCC San Martin - Est. Retiro,8938,350
FFCC SAN MARTIN,FFCC San Martin - Est. Retiro,10275,350
FFCC SAN MARTIN,FFCC San Martin - Est. Retiro,10288,350
FFCC SAN MARTIN,FFCC San Martin - Est. San Miguel,11215,350
FFCC SAN MARTIN,FFCC San Martin - Est. San Miguel,11446,350
FFCC SAN MARTIN,FFCC San Martin - Est. San Miguel,11458,350
FFCC SAN MARTIN,FFCC San Martin - Est. San Miguel,11905,350
FFCC SAN MARTIN,FFCC San Martin - Est. San Miguel,11918,350
FFCC SAN MARTIN,FFCC San Martin - Est. Saenz Pe兀,10408,350
FFCC SAN MARTIN,FFCC San Martin - Est. San Miguel,11426,350
FFCC SAN MARTIN,FFCC San Martin - Est. San Miguel,11438,350
FFCC SAN MARTIN,FFCC San Martin - Est. San Miguel,11450,350
FFCC SAN MARTIN,FFCC San Martin - Est. Santos Lugares,8829,350
FFCC SAN MARTIN,FFCC San Martin - Est. Sol y verde,12029,350
FFCC SAN MARTIN,FFCC San Martin - Est. Villa del Parque,8832,350
FFCC SAN MARTIN,FFCC San Martin - Est. Villa del Parque,11526,350
FFCC SAN MARTIN,FFCC San Martin - Est. W.Morris,11887,350
FFCC SARMIENTO,Caballito,7852,427
FFCC SARMIENTO,Castelar,7570,427
FFCC SARMIENTO,Castelar,8033,427
FFCC SARMIENTO,Ciudadela,7915,427
FFCC SARMIENTO,Flores,7836,427
FFCC SARMIENTO,Flores,7848,427
FFCC SARMIENTO,Floresta,7821,427
FFCC SARMIENTO,Floresta,7855,427
FFCC SARMIENTO,Ituzaingo,7729,427
FFCC SARMIENTO,Ituzaingo,7747,427
FFCC SARMIENTO,Ituzaingo,7759,427
FFCC SARMIENTO,Liniers,7824,427
FFCC SARMIENTO,Liniers,7872,427
FFCC SARMIENTO,Liniers,7897,427
FFCC SARMIENTO,Merlo,6378,427
FFCC SARMIENTO,Merlo,7439,427
FFCC SARMIENTO,Merlo,7614,427
FFCC SARMIENTO,Merlo,7899,427
FFCC SARMIENTO,Mor▋,8076,427
FFCC SARMIENTO,Mor▋,8149,427
FFCC SARMIENTO,Once,11027,427
FFCC SARMIENTO,Once,11481,427
FFCC SARMIENTO,Once,11574,427
FFCC SARMIENTO,Once,11893,427
FFCC SARMIENTO,Ramos Mej｛,7750,427
FFCC SARMIENTO,Flores,7853,427
FFCC SARMIENTO,Haedo,8147,427
FFCC SARMIENTO,Liniers,7822,427
FFCC SARMIENTO,Liniers,7828,427
FFCC SARMIENTO,Liniers,7859,427
FFCC SARMIENTO,Liniers,7895,427
FFCC SARMIENTO,Merlo,7539,427
FFCC SARMIENTO,Merlo,7576,427
FFCC SARMIENTO,Mor▋,8068,427
FFCC SARMIENTO,Mor▋,8111,427
FFCC SARMIENTO,Mor▋,8123,427
FFCC SARMIENTO,Mor▋,8135,427
FFCC SARMIENTO,Once,9791,427
FFCC SARMIENTO,Once,11546,427
FFCC SARMIENTO,Once,11896,427
FFCC SARMIENTO,Once,11897,427
FFCC SARMIENTO,Once,11908,427
FFCC SARMIENTO,Once,11909,427
FFCC SARMIENTO,Once,11933,427
FFCC SARMIENTO,Ramos Mej｛,8129,427
FFCC SAN MARTIN,FFCC San Martin - Est. Retiro,10196,350
FFCC SAN MARTIN,FFCC San Martin - Est. Saenz Pe兀,10722,350
FFCC SAN MARTIN,FFCC San Martin - Est. San Miguel,11461,350
FFCC SAN MARTIN,FFCC San Martin - Est. Santos Lugares,8819,350
FFCC SAN MARTIN,FFCC San Martin - Est. Santos Lugares,8843,350
FFCC SAN MARTIN,FFCC San Martin - Est. Villa del Parque,8807,350
FFCC SAN MARTIN,FFCC San Martin - Est. Villa del Parque,8831,350
FFCC SAN MARTIN,FFCC San Martin - Est. Villa del Parque,11527,350
FFCC SAN MARTIN,FFCC San Martin - Est. Villa del Parque,11552,350
FFCC SAN MARTIN,FFCC San Martin - Est. W.Morris,11840,350
FFCC SARMIENTO,Caballito,7843,427
FFCC SARMIENTO,Ciudadela,7830,427
FFCC SARMIENTO,Flores,7823,427
FFCC SARMIENTO,Flores,7854,427
FFCC SARMIENTO,Flores,7860,427
FFCC SARMIENTO,Floresta,7826,427
FFCC SARMIENTO,Haedo,8136,427
FFCC SARMIENTO,Liniers,7840,427
FFCC SARMIENTO,Liniers,7858,427
FFCC SARMIENTO,Liniers,7870,427
FFCC SARMIENTO,Merlo,7320,427
FFCC SARMIENTO,Merlo,7324,427
FFCC SARMIENTO,Merlo,7553,427
FFCC SARMIENTO,Merlo,7606,427
FFCC SARMIENTO,Mor▋,8081,427
FFCC SARMIENTO,Mor▋,8087,427
FFCC SARMIENTO,Mor▋,8124,427
FFCC SARMIENTO,Mor▋,8130,427
FFCC SARMIENTO,Mor▋,8142,427
FFCC SARMIENTO,Once,11569,427
FFCC SARMIENTO,Once,11886,427
FFCC SARMIENTO,Once,11934,427
FFCC SARMIENTO,Once,11946,427
FFCC SARMIENTO,Ramos Mej｛,8122,427
FFCC SARMIENTO,Villa Luro,7305,427
FFCC SAN MARTIN,FFCC San Martin - Est. Villa Astolfi,11852,350
FFCC SAN MARTIN,FFCC San Martin - Est. Villa del Parque,8803,350
FFCC SAN MARTIN,FFCC San Martin - Est. Villa del Parque,8828,350
FFCC SAN MARTIN,FFCC San Martin - Est. Villa del Parque,8913,350
FFCC SAN MARTIN,FFCC San Martin - Est. Villa del Parque,11264,350
FFCC SAN MARTIN,FFCC San Martin - Est. W.Morris,12060,350
FFCC SARMIENTO,Castelar,8031,427
FFCC SARMIENTO,Castelar,8061,427
FFCC SARMIENTO,Ciudadela,7877,427
FFCC SARMIENTO,Floresta,7841,427
FFCC SARMIENTO,Haedo,8131,427
FFCC SARMIENTO,Haedo,8137,427
FFCC SARMIENTO,Ituzaingo,7060,427
FFCC SARMIENTO,Ituzaingo,7720,427
FFCC SARMIENTO,Ituzaingo,7757,427
FFCC SARMIENTO,Merlo,7552,427
FFCC SARMIENTO,Mor▋,7316,427
FFCC SARMIENTO,Mor▋,8080,427
FFCC SARMIENTO,Mor▋,8098,427
FFCC SARMIENTO,Mor▋,8110,427
FFCC SARMIENTO,Mor▋,8116,427
FFCC SARMIENTO,Once,11081,427
FFCC SARMIENTO,Once,11348,427
FFCC SARMIENTO,Once,11541,427
FFCC SARMIENTO,Once,11937,427
FFCC SARMIENTO,Once,11949,427
FFCC SARMIENTO,Once,11986,427
FFCC SARMIENTO,Ramos Mej｛,7845,427
FFCC SARMIENTO,Villa Luro,6307,427
FFCC SARMIENTO,Villa Luro,7893,427
FFCC MITRE-SUAREZ,FFCC Mitre Est. Cetr慙golo,8936,429
FFCC MITRE-SUAREZ,FFCC Mitre Est. J. L. Suarez,8911,429
FFCC MITRE-SUAREZ,FFCC Mitre Est. Retiro,10692,429
FFCC MITRE-SUAREZ,FFCC Mitre Est. Retiro,10757,429
FFCC MITRE-SUAREZ,FFCC Mitre Est. Retiro,10769,429
FFCC MITRE-SUAREZ,FFCC Mitre Est. Retiro,11413,429
FFCC MITRE-SUAREZ,FFCC Mitre Est. Urquiza,8797,429
FFCC MITRE-SUAREZ,FFCC Mitre Est. Urquiza,11763,429
FFCC MITRE-TIGRE,FFCC Mitre Est. Beccar,7795,430
FFCC MITRE-TIGRE,FFCC Mitre Est. Beccar,8103,430
FFCC MITRE-TIGRE,FFCC Mitre Est. Belgrano C.,7343,430
FFCC MITRE-TIGRE,FFCC Mitre Est. Belgrano C.,7355,430
FFCC MITRE-TIGRE,FFCC Mitre Est. Belgrano C.,7383,430
FFCC MITRE-TIGRE,FFCC Mitre Est. Belgrano C.,7526,430
FFCC MITRE-TIGRE,FFCC Mitre Est. Carupa,7798,430
FFCC MITRE-TIGRE,FFCC Mitre Est. La Lucila,7612,430
FFCC MITRE-TIGRE,FFCC Mitre Est. Martinez,7360,430
FFCC MITRE-TIGRE,FFCC Mitre Est. Martinez,7366,430
FFCC MITRE-TIGRE,FFCC Mitre Est. Martinez,7415,430
FFCC MITRE-TIGRE,FFCC Mitre Est. Nu叉z,7889,430
FFCC MITRE-TIGRE,FFCC Mitre Est. Nu叉z,8064,430
FFCC MITRE-TIGRE,FFCC Mitre Est. Olivos,7592,430
FFCC MITRE-TIGRE,FFCC Mitre Est. Olivos,7880,430
FFCC MITRE-TIGRE,FFCC Mitre Est. Retiro,10241,430
FFCC MITRE-TIGRE,FFCC Mitre Est. Retiro,10630,430
FFCC MITRE-TIGRE,FFCC Mitre Est. Retiro,10740,430
FFCC MITRE-TIGRE,FFCC Mitre Est. Retiro,10755,430
FFCC MITRE-TIGRE,FFCC Mitre Est. Rivadavia,7861,430
FFCC MITRE-TIGRE,FFCC Mitre Est. Rivadavia,8091,430
FFCC MITRE-TIGRE,FFCC Mitre Est. Tigre,8085,430
FFCC MITRE-TIGRE,FFCC Mitre Est. Victoria,7766,430
FFCC MITRE-TIGRE,FFCC Mitre Est. Victoria,7784,430
FFCC MITRE-TIGRE,FFCC Mitre Est. Virreyes,7767,430
FFCC SAN MARTIN,FFCC San Martin - Est. Bella Vista,11859,350
FFCC SAN MARTIN,FFCC San Martin - Est. Bella Vista,11932,350
FFCC SAN MARTIN,FFCC San Martin - Est. Caseros,9861,350
FFCC SAN MARTIN,FFCC San Martin - Est. Chacarita,11822,350
FFCC SAN MARTIN,FFCC San Martin - Est. Chacarita,12325,350
FFCC SAN MARTIN,FFCC San Martin - Est. Devoto,8824,350
FFCC SAN MARTIN,FFCC San Martin - Est. Hurlingham,10733,350
FFCC SAN MARTIN,FFCC San Martin - Est. Hurlingham,10761,350
FFCC SAN MARTIN,FFCC San Martin - Est. Jose C.Paz,11785,350
FFCC SAN MARTIN,FFCC San Martin - Est. Jose C.Paz,11847,350
FFCC SAN MARTIN,FFCC San Martin - Est. Mu夕z,12067,350
FFCC SAN MARTIN,FFCC San Martin - Est. Palermo,10763,350
FFCC SAN MARTIN,FFCC San Martin - Est. Palermo,11456,350
FFCC SAN MARTIN,FFCC San Martin - Est. Palermo,11517,350
FFCC SAN MARTIN,FFCC San Martin - Est. Palermo,11518,350
FFCC SAN MARTIN,FFCC San Martin - Est. Palomar,8850,350
FFCC SAN MARTIN,FFCC San Martin - Est. Palomar,8996,350
FFCC SAN MARTIN,FFCC San Martin - Est. Paternal,11812,350
FFCC SAN MARTIN,FFCC San Martin - Est. Retiro,9650,350
FFCC SAN MARTIN,FFCC San Martin - Est. Retiro,10190,350
FFCC SAN MARTIN,FFCC San Martin - Est. Retiro,10371,350
FFCC SAN MARTIN,FFCC San Martin - Est. Retiro,11462,350
FFCC SAN MARTIN,FFCC San Martin - Est. Saenz Pe兀,10680,350
FFCC SAN MARTIN,FFCC San Martin - Est. Saenz Pe兀,11837,350
FFCC SAN MARTIN,FFCC San Martin - Est. Saenz Pe兀,11848,350
FFCC SAN MARTIN,FFCC San Martin - Est. San Miguel,11872,350
FFCC MITRE-SUAREZ,FFCC Mitre Est. Colegiales,7914,429
FFCC MITRE-SUAREZ,FFCC Mitre Est. Florida,12020,429
FFCC MITRE-SUAREZ,FFCC Mitre Est. J. L. Suarez,9709,429
FFCC MITRE-SUAREZ,FFCC Mitre Est. Mitre,10645,429
FFCC MITRE-SUAREZ,FFCC Mitre Est. Mitre,11260,429
FFCC MITRE-SUAREZ,FFCC Mitre Est. Mitre,11351,429
FFCC MITRE-SUAREZ,FFCC Mitre Est. Mitre,11363,429
FFCC MITRE-SUAREZ,FFCC Mitre Est. Pueyrredon,12302,429
FFCC MITRE-SUAREZ,FFCC Mitre Est. Retiro,10626,429
FFCC MITRE-SUAREZ,FFCC Mitre Est. Retiro,10669,429
FFCC MITRE-SUAREZ,FFCC Mitre Est. Retiro,10895,429
FFCC MITRE-SUAREZ,FFCC Mitre Est. Retiro,10927,429
FFCC MITRE-SUAREZ,FFCC Mitre Est. Retiro,11356,429
FFCC MITRE-SUAREZ,FFCC Mitre Est. Urquiza,11820,429
FFCC MITRE-SUAREZ,FFCC Mitre Est. V. Ballester,9552,429
FFCC MITRE-TIGRE,FFCC Mitre Est. Acassuso,7391,430
FFCC MITRE-TIGRE,FFCC Mitre Est. Belgrano C.,7367,430
FFCC MITRE-TIGRE,FFCC Mitre Est. La Lucila,7885,430
FFCC MITRE-TIGRE,FFCC Mitre Est. Olivos,8088,430
FFCC MITRE-TIGRE,FFCC Mitre Est. Olivos,8143,430
FFCC MITRE-TIGRE,FFCC Mitre Est. Retiro,10730,430
FFCC MITRE-TIGRE,FFCC Mitre Est. Rivadavia,7587,430
FFCC MITRE-TIGRE,FFCC Mitre Est. Rivadavia,8118,430
FFCC MITRE-TIGRE,FFCC Mitre Est. San isidro,6324,430
FFCC MITRE-TIGRE,FFCC Mitre Est. San isidro,7354,430
FFCC MITRE-TIGRE,FFCC Mitre Est. V. L▉ez,7761,430
FFCC MITRE-TIGRE,FFCC Mitre Est. V. L▉ez,8114,430
FFCC MITRE-TIGRE,FFCC Mitre Est. Victoria,7792,430
FFCC MITRE-TIGRE,FFCC Mitre Est. Virreyes,7774,430
FFCC SAN MARTIN,FFCC San Martin - Est. Bella Vista,11664,350
FFCC SAN MARTIN,FFCC San Martin - Est. Caseros,9832,350
FFCC SAN MARTIN,FFCC San Martin - Est. Chacarita,11823,350
FFCC SAN MARTIN,FFCC San Martin - Est. Devoto,8939,350
FFCC SAN MARTIN,FFCC San Martin - Est. Hurlingham,8945,350
FFCC SAN MARTIN,FFCC San Martin - Est. Hurlingham,10723,350
FFCC SAN MARTIN,FFCC San Martin - Est. Jose C.Paz,11793,350
FFCC SAN MARTIN,FFCC San Martin - Est. Jose C.Paz,11794,350
FFCC SAN MARTIN,FFCC San Martin - Est. Jose C.Paz,11867,350
FFCC SAN MARTIN,FFCC San Martin - Est. Jose C.Paz,11939,350
FFCC SAN MARTIN,FFCC San Martin - Est. Mu夕z,11787,350
FFCC SAN MARTIN,FFCC San Martin - Est. Palermo,11265,350
FFCC SAN MARTIN,FFCC San Martin - Est. Palermo,11516,350
FFCC SAN MARTIN,FFCC San Martin - Est. Palomar,9533,350
FFCC SAN MARTIN,FFCC San Martin - Est. Palomar,11894,350
FFCC SAN MARTIN,FFCC San Martin - Est. Retiro,8904,350
FFCC SAN MARTIN,FFCC San Martin - Est. Retiro,9664,350
FFCC SAN MARTIN,FFCC San Martin - Est. Saenz Pe兀,10624,350
FFCC SAN MARTIN,FFCC San Martin - Est. Saenz Pe兀,11690,350
FFCC SAN MARTIN,FFCC San Martin - Est. San Miguel,10635,350
FFCC SAN MARTIN,FFCC San Martin - Est. San Miguel,11468,350
FFCC SAN MARTIN,FFCC San Martin - Est. W.Morris,11881,350
FFCC SARMIENTO,Castelar,7533,427
FFCC SARMIENTO,Castelar,7579,427
FFCC SARMIENTO,Castelar,8024,427
FFCC SARMIENTO,Castelar,8030,427
FFCC SARMIENTO,Ciudadela,7900,427
FFCC SARMIENTO,Ituzaingo,7732,427
FFCC SARMIENTO,Ituzaingo,7756,427
FFCC SARMIENTO,Liniers,7839,427
FFCC SARMIENTO,Liniers,7894,427
FFCC SARMIENTO,Merlo,6973,427
FFCC SARMIENTO,Mor▋,8067,427
FFCC SARMIENTO,Mor▋,8073,427
FFCC SARMIENTO,Mor▋,8134,427
FFCC SARMIENTO,Once,11200,427
FFCC SARMIENTO,Once,11936,427
FFCC SARMIENTO,Once,11948,427
FFCC MITRE-SUAREZ,FFCC Mitre Est. 3 de Febrero,8097,429
FFCC MITRE-SUAREZ,FFCC Mitre Est. Belgrano R.,8038,429
FFCC MITRE-SUAREZ,FFCC Mitre Est. Florida,11955,429
FFCC MITRE-SUAREZ,FFCC Mitre Est. J. L. Suarez,8914,429
FFCC MITRE-SUAREZ,FFCC Mitre Est. J. L. Suarez,9531,429
FFCC MITRE-SUAREZ,FFCC Mitre Est. Mitre,11331,429
FFCC MITRE-SUAREZ,FFCC Mitre Est. Pueyrredon,11605,429
FFCC MITRE-SUAREZ,FFCC Mitre Est. Retiro,10378,429
FFCC MITRE-SUAREZ,FFCC Mitre Est. Retiro,10725,429
FFCC MITRE-SUAREZ,FFCC Mitre Est. Retiro,10826,429
FFCC MITRE-TIGRE,FFCC Mitre Est. Acassuso,7528,430
FFCC MITRE-TIGRE,FFCC Mitre Est. Carupa,7866,430
FFCC MITRE-TIGRE,FFCC Mitre Est. Martinez,7868,430
FFCC MITRE-TIGRE,FFCC Mitre Est. Martinez,7886,430
FFCC MITRE-TIGRE,FFCC Mitre Est. Nu叉z,7602,430
FFCC MITRE-TIGRE,FFCC Mitre Est. Nu叉z,7909,430
FFCC MITRE-TIGRE,FFCC Mitre Est. Olivos,8072,430
FFCC MITRE-TIGRE,FFCC Mitre Est. Olivos,8145,430
FFCC MITRE-TIGRE,FFCC Mitre Est. Retiro,10192,430
FFCC MITRE-TIGRE,FFCC Mitre Est. Retiro,10749,430
FFCC MITRE-TIGRE,FFCC Mitre Est. San isidro,7358,430
FFCC MITRE-TIGRE,FFCC Mitre Est. San isidro,7780,430
FFCC MITRE-TIGRE,FFCC Mitre Est. Tigre,8026,430
FFCC MITRE-TIGRE,FFCC Mitre Est. Tigre,8051,430
FFCC MITRE-TIGRE,FFCC Mitre Est. V. L▉ez,7452,430
FFCC MITRE-TIGRE,FFCC Mitre Est. V. L▉ez,7595,430
FFCC MITRE-TIGRE,FFCC Mitre Est. Victoria,7786,430
FFCC MITRE-TIGRE,FFCC Mitre Est. Virreyes,7778,430
FFCC MITRE-TIGRE,FFCC Mitre Est. Virreyes,8083,430
FFCC MITRE-TIGRE,FFCC Mitre Est. Virreyes,8101,430
FFCC SAN MARTIN,FFCC San Martin - Est. Bella Vista,10222,350
FFCC SAN MARTIN,FFCC San Martin - Est. Bella Vista,11911,350
FFCC SAN MARTIN,FFCC San Martin - Est. Bella Vista,11935,350
FFCC SAN MARTIN,FFCC San Martin - Est. Bella Vista,12298,350
FFCC SAN MARTIN,FFCC San Martin - Est. Chacarita,11723,350
FFCC SAN MARTIN,FFCC San Martin - Est. Chacarita,11783,350
FFCC SAN MARTIN,FFCC San Martin - Est. Devoto,8821,350
FFCC SAN MARTIN,FFCC San Martin - Est. Hurlingham,9535,350
FFCC SAN MARTIN,FFCC San Martin - Est. Jose C.Paz,11776,350
FFCC SAN MARTIN,FFCC San Martin - Est. Jose C.Paz,11789,350
FFCC SAN MARTIN,FFCC San Martin - Est. Jose C.Paz,11874,350
FFCC SAN MARTIN,FFCC San Martin - Est. Mu夕z,11913,350
FFCC SAN MARTIN,FFCC San Martin - Est. Palermo,11338,350
FFCC SAN MARTIN,FFCC San Martin - Est. Palomar,11877,350
FFCC SAN MARTIN,FFCC San Martin - Est. Palomar,11914,350
FFCC SAN MARTIN,FFCC San Martin - Est. Retiro,8997,350
FFCC SAN MARTIN,FFCC San Martin - Est. Retiro,9635,350
FFCC SAN MARTIN,FFCC San Martin - Est. Retiro,9660,350
FFCC SAN MARTIN,FFCC San Martin - Est. Saenz Pe兀,12272,350
FFCC SAN MARTIN,FFCC San Martin - Est. San Miguel,11087,350
FFCC SAN MARTIN,FFCC San Martin - Est. Santos Lugares,9567,350
FFCC SAN MARTIN,FFCC San Martin - Est. W.Morris,11970,350
FFCC SARMIENTO,Castelar,8034,427
FFCC SARMIENTO,Castelar,8052,427
FFCC SARMIENTO,Ciudadela,7874,427
FFCC SARMIENTO,Flores,7837,427
FFCC SARMIENTO,Haedo,8128,427
FFCC SARMIENTO,Ituzaingo,7742,427
FFCC SARMIENTO,Liniers,7829,427
FFCC SARMIENTO,Liniers,7896,427
FFCC SARMIENTO,Liniers,7902,427
FFCC SARMIENTO,Merlo,7547,427
FFCC SAN MARTIN,FFCC San Martin - Est. Villa del Parque,8886,350
FFCC SAN MARTIN,FFCC San Martin - Est. Villa del Parque,11176,350
FFCC SARMIENTO,Caballito,7737,427
FFCC SARMIENTO,Caballito,7834,427
FFCC SARMIENTO,Castelar,7589,427
FFCC SARMIENTO,Castelar,7593,427
FFCC SARMIENTO,Castelar,8029,427
FFCC SARMIENTO,Castelar,8054,427
FFCC SARMIENTO,Ciudadela,7875,427
FFCC SARMIENTO,Flores,7820,427
FFCC SARMIENTO,Flores,7832,427
FFCC SARMIENTO,Flores,7857,427
FFCC SARMIENTO,Floresta,7851,427
FFCC SARMIENTO,Floresta,7876,427
FFCC SARMIENTO,Ituzaingo,7749,427
FFCC SARMIENTO,Ituzaingo,7755,427
FFCC SARMIENTO,Liniers,7849,427
FFCC SARMIENTO,Merlo,7808,427
FFCC SARMIENTO,Mor▋,8066,427
FFCC SARMIENTO,Mor▋,8078,427
FFCC SARMIENTO,Mor▋,8090,427
FFCC SARMIENTO,Mor▋,8109,427
FFCC SARMIENTO,Mor▋,8127,427
FFCC SARMIENTO,Mor▋,8133,427
FFCC SARMIENTO,Once,11345,427
FFCC SARMIENTO,Once,11511,427
FFCC SARMIENTO,Once,11904,427
FFCC SARMIENTO,Once,11928,427
FFCC SARMIENTO,Once,11940,427
FFCC SARMIENTO,Once,11941,427
FFCC SARMIENTO,Ramos Mej｛,7598,427
FFCC SARMIENTO,Villa Luro,7057,427
FFCC SARMIENTO,Villa Luro,7743,427
FFCC SARMIENTO,Merlo,7809,427
FFCC SARMIENTO,Miserere,7319,427
FFCC SARMIENTO,Mor▋,8089,427
FFCC SARMIENTO,Mor▋,8107,427
FFCC SARMIENTO,Mor▋,8113,427
FFCC SARMIENTO,Mor▋,8119,427
FFCC SARMIENTO,Mor▋,8125,427
FFCC SARMIENTO,Mor▋,8150,427
FFCC SARMIENTO,Once,10998,427
FFCC SARMIENTO,Once,11026,427
FFCC SARMIENTO,Once,11217,427
FFCC SARMIENTO,Once,11435,427
FFCC SARMIENTO,Once,11547,427
FFCC SARMIENTO,Once,11895,427
FFCC SARMIENTO,Once,11919,427
FFCC SARMIENTO,Once,11944,427
FFCC SARMIENTO,Ramos Mej｛,7323,427
FFCC SARMIENTO,Ramos Mej｛,8121,427
FFCC MITRE-SUAREZ,FFCC Mitre Est. Cetr慙golo,8898,429
FFCC MITRE-SUAREZ,FFCC Mitre Est. J. L. Suarez,8837,429
FFCC MITRE-SUAREZ,FFCC Mitre Est. J. L. Suarez,8848,429
FFCC MITRE-SUAREZ,FFCC Mitre Est. Mtro. Carranza,7904,429
FFCC MITRE-SUAREZ,FFCC Mitre Est. Retiro,10678,429
FFCC MITRE-SUAREZ,FFCC Mitre Est. Urquiza,8799,429
FFCC MITRE-SUAREZ,FFCC Mitre Est. Urquiza,8903,429
FFCC MITRE-SUAREZ,FFCC Mitre Est. Urquiza,11829,429
FFCC MITRE-SUAREZ,FFCC Mitre Est. V. Ballester,8855,429
FFCC MITRE-SUAREZ,FFCC Mitre Est. V. Ballester,12425,429
FFCC MITRE-TIGRE,FFCC Mitre Est. Acassuso,7371,430
FFCC MITRE-TIGRE,FFCC Mitre Est. Beccar,7776,430
FFCC MITRE-TIGRE,FFCC Mitre Est. Beccar,7794,430
FFCC MITRE-TIGRE,FFCC Mitre Est. Belgrano C.,7378,430
FFCC MITRE-TIGRE,FFCC Mitre Est. Carupa,7775,430
FFCC MITRE-TIGRE,FFCC Mitre Est. La Lucila,7335,430
FFCC MITRE-TIGRE,FFCC Mitre Est. Lisandro de la Torre,7583,430
FFCC MITRE-TIGRE,FFCC Mitre Est. Nu叉z,7790,430
FFCC MITRE-TIGRE,FFCC Mitre Est. Nu叉z,8023,430
FFCC MITRE-TIGRE,FFCC Mitre Est. Retiro,10267,430
FFCC MITRE-TIGRE,FFCC Mitre Est. Retiro,10629,430
FFCC MITRE-TIGRE,FFCC Mitre Est. Retiro,10825,430
FFCC MITRE-TIGRE,FFCC Mitre Est. Rivadavia,7564,430
FFCC MITRE-TIGRE,FFCC Mitre Est. Rivadavia,7623,430
FFCC MITRE-TIGRE,FFCC Mitre Est. San Fernando,7600,430
FFCC MITRE-TIGRE,FFCC Mitre Est. San isidro,7310,430
FFCC MITRE-TIGRE,FFCC Mitre Est. Tigre,7567,430
FFCC MITRE-TIGRE,FFCC Mitre Est. Tigre,7577,430
FFCC MITRE-TIGRE,FFCC Mitre Est. Tigre,7748,430
FFCC MITRE-TIGRE,FFCC Mitre Est. V. L▉ez,7422,430
FFCC MITRE-TIGRE,FFCC Mitre Est. V. L▉ez,7913,430
FFCC MITRE-TIGRE,FFCC Mitre Est. V. L▉ez,8075,430
FFCC MITRE-TIGRE,FFCC Mitre Est. V. L▉ez,8140,430
FFCC MITRE-TIGRE,FFCC Mitre Est. Virreyes,7785,430
FFCC MITRE-TIGRE,FFCC Mitre Est. Virreyes,7803,430
FFCC SAN MARTIN,FFCC San Martin - Est. Caseros,9529,350
FFCC SAN MARTIN,FFCC San Martin - Est. Caseros,9847,350
FFCC SAN MARTIN,FFCC San Martin - Est. Caseros,11719,350
FFCC SAN MARTIN,FFCC San Martin - Est. Chacarita,11784,350
FFCC SAN MARTIN,FFCC San Martin - Est. Devoto,8814,350
FFCC SAN MARTIN,FFCC San Martin - Est. Hurlingham,10168,350
FFCC SAN MARTIN,FFCC San Martin - Est. Jose C.Paz,11697,350
FFCC SAN MARTIN,FFCC San Martin - Est. Jose C.Paz,11796,350
FFCC SAN MARTIN,FFCC San Martin - Est. Jose C.Paz,11809,350
FFCC SAN MARTIN,FFCC San Martin - Est. Jose C.Paz,11821,350
FFCC SAN MARTIN,FFCC San Martin - Est. Jose C.Paz,11870,350
FFCC SAN MARTIN,FFCC San Martin - Est. Jose C.Paz,11882,350
FFCC SAN MARTIN,FFCC San Martin - Est. Jose C.Paz,11942,350
FFCC SAN MARTIN,FFCC San Martin - Est. Jose C.Paz,12023,350
FFCC SAN MARTIN,FFCC San Martin - Est. Mu夕z,11661,350
FFCC SAN MARTIN,FFCC San Martin - Est. Mu夕z,11845,350
FFCC SAN MARTIN,FFCC San Martin - Est. Palermo,11471,350
FFCC SAN MARTIN,FFCC San Martin - Est. Palermo,11558,350
FFCC SAN MARTIN,FFCC San Martin - Est. Palomar,8862,350
FFCC SAN MARTIN,FFCC San Martin - Est. Paternal,8816,350
FFCC SAN MARTIN,FFCC San Martin - Est. Paternal,11956,350
FFCC SAN MARTIN,FFCC San Martin - Est. Pilar,12329,350
FFCC SAN MARTIN,FFCC San Martin - Est. Retiro,10237,350
FFCC SAN MARTIN,FFCC San Martin - Est. Saenz Pe兀,12301,350
FFCC SAN MARTIN,FFCC San Martin - Est. San Miguel,11465,350
FFCC SAN MARTIN,FFCC San Martin - Est. San Miguel,11533,350
FFCC SAN MARTIN,FFCC San Martin - Est. Villa del Parque,8921,350
FFCC SARMIENTO,Caballito,7847,427
FFCC SARMIENTO,Ciudadela,7827,427
FFCC SARMIENTO,Flores,7838,427
FFCC SARMIENTO,Flores,7844,427
FFCC SARMIENTO,Haedo,8132,427
FFCC SARMIENTO,Ituzaingo,6362,427
FFCC SARMIENTO,Liniers,7819,427
FFCC SARMIENTO,Liniers,7825,427
FFCC SARMIENTO,Liniers,7862,427
FFCC SARMIENTO,Liniers,7898,427
FFCC SARMIENTO,Merlo,7048,427
FFCC SARMIENTO,Merlo,7054,427
FFCC SARMIENTO,Merlo,7616,427
FFCC SARMIENTO,Miserere,7339,427
FFCC SARMIENTO,Mor▋,8108,427
FFCC SARMIENTO,Mor▋,8120,427
FFCC SARMIENTO,Once,11073,427
FFCC SARMIENTO,Once,11227,427
FFCC SARMIENTO,Once,11399,427
FFCC SARMIENTO,Once,11742,427
FFCC SARMIENTO,Once,11927,427
FFCC SARMIENTO,Once,11951,427
FFCC SARMIENTO,Ramos Mej｛,8126,427
FFCC SARMIENTO,Ramos Mej｛,8138,427