identidad,Entidad,codigoterminal,idubicacion,ubicacion,nroterminal
94,SOFSE SARMIENTO,11601,23161,FFCC Sarmiento Est. Once,1
94,SOFSE SARMIENTO,11603,23161,FFCC Sarmiento Est. Once,1
94,SOFSE SARMIENTO,11604,23161,FFCC Sarmiento Est. Once,1
94,SOFSE SARMIENTO,11607,23161,FFCC Sarmiento Est. Once,1
94,SOFSE SARMIENTO,11605,23161,FFCC Sarmiento Est. Once,1
94,SOFSE SARMIENTO,11606,23161,FFCC Sarmiento Est. Once,1
94,SOFSE SARMIENTO,11608,23161,FFCC Sarmiento Est. Once,1
94,SOFSE SARMIENTO,11609,23161,FFCC Sarmiento Est. Once,1
94,SOFSE SARMIENTO,11602,23161,FFCC Sarmiento Est. Once,1
94,SOFSE SARMIENTO,11502,23161,FFCC Sarmiento Est. Once,1
94,SOFSE SARMIENTO,11611,26439,FFCC Sarmiento Est. Caballito,2
94,SOFSE SARMIENTO,11612,26439,FFCC Sarmiento Est. Caballito,2
94,SOFSE SARMIENTO,11699,26439,FFCC Sarmiento Est. Caballito,2
94,SOFSE SARMIENTO,11660,26439,FFCC Sarmiento Est. Caballito,2
94,SOFSE SARMIENTO,11700,26439,FFCC Sarmiento Est. Caballito,2
94,SOFSE SARMIENTO,11614,26441,FFCC Sarmiento Est. Flores,3
94,SOFSE SARMIENTO,11671,26441,FFCC Sarmiento Est. Flores,3
94,SOFSE SARMIENTO,11613,26441,FFCC Sarmiento Est. Flores,3
94,SOFSE SARMIENTO,11529,26441,FFCC Sarmiento Est. Flores,3
94,SOFSE SARMIENTO,11555,26441,FFCC Sarmiento Est. Flores,3
94,SOFSE SARMIENTO,11672,26444,FFCC Sarmiento Est. Floresta,4
94,SOFSE SARMIENTO,11615,26444,FFCC Sarmiento Est. Floresta,4
94,SOFSE SARMIENTO,11536,26444,FFCC Sarmiento Est. Floresta,4
94,SOFSE SARMIENTO,11616,26446,FFCC Sarmiento Est. Villa Luro,5
94,SOFSE SARMIENTO,11617,26002,FFCC Sarmiento Est. Liniers,6
94,SOFSE SARMIENTO,11620,26002,FFCC Sarmiento Est. Liniers,6
94,SOFSE SARMIENTO,11621,26002,FFCC Sarmiento Est. Liniers,6
94,SOFSE SARMIENTO,11618,26002,FFCC Sarmiento Est. Liniers,6
94,SOFSE SARMIENTO,11619,26002,FFCC Sarmiento Est. Liniers,6
94,SOFSE SARMIENTO,11622,25513,FFCC Sarmiento Est. Ciudadela,7
94,SOFSE SARMIENTO,11623,25513,FFCC Sarmiento Est. Ciudadela,7
94,SOFSE SARMIENTO,11673,26433,FFCC Sarmiento Est. Ramos Mejía,8
94,SOFSE SARMIENTO,11627,26433,FFCC Sarmiento Est. Ramos Mejía,8
94,SOFSE SARMIENTO,11626,26433,FFCC Sarmiento Est. Ramos Mejía,8
94,SOFSE SARMIENTO,11624,26433,FFCC Sarmiento Est. Ramos Mejía,8
94,SOFSE SARMIENTO,11625,26433,FFCC Sarmiento Est. Ramos Mejía,8
94,SOFSE SARMIENTO,11628,26431,FFCC Sarmiento Est. Haedo,9
94,SOFSE SARMIENTO,11629,26431,FFCC Sarmiento Est. Haedo,9
94,SOFSE SARMIENTO,11698,26431,FFCC Sarmiento Est. Haedo,9
94,SOFSE SARMIENTO,11635,23165,FFCC Sarmiento Est. Morón,10
94,SOFSE SARMIENTO,11674,23165,FFCC Sarmiento Est. Morón,10
94,SOFSE SARMIENTO,11632,23165,FFCC Sarmiento Est. Morón,10
94,SOFSE SARMIENTO,11633,23165,FFCC Sarmiento Est. Morón,10
94,SOFSE SARMIENTO,11634,23165,FFCC Sarmiento Est. Morón,10
94,SOFSE SARMIENTO,11631,23165,FFCC Sarmiento Est. Morón,10
94,SOFSE SARMIENTO,11630,23165,FFCC Sarmiento Est. Morón,10
94,SOFSE SARMIENTO,11636,23165,FFCC Sarmiento Est. Morón,10
94,SOFSE SARMIENTO,11522,23165,FFCC Sarmiento Est. Morón,10
94,SOFSE SARMIENTO,11638,26542,FFCC Sarmiento Est. Castelar,11
94,SOFSE SARMIENTO,11675,26542,FFCC Sarmiento Est. Castelar,11
94,SOFSE SARMIENTO,11637,26542,FFCC Sarmiento Est. Castelar,11
94,SOFSE SARMIENTO,11639,26542,FFCC Sarmiento Est. Castelar,11
94,SOFSE SARMIENTO,11640,26542,FFCC Sarmiento Est. Castelar,11
94,SOFSE SARMIENTO,11641,26531,FFCC Sarmiento Est. Ituzaingo,12
94,SOFSE SARMIENTO,11643,26531,FFCC Sarmiento Est. Ituzaingo,12
94,SOFSE SARMIENTO,11642,26531,FFCC Sarmiento Est. Ituzaingo,12
94,SOFSE SARMIENTO,11676,26531,FFCC Sarmiento Est. Ituzaingo,12
94,SOFSE SARMIENTO,11647,26535,FFCC Sarmiento Est. S.A. De Padua,13
94,SOFSE SARMIENTO,11645,26535,FFCC Sarmiento Est. S.A. De Padua,13
94,SOFSE SARMIENTO,11646,26535,FFCC Sarmiento Est. S.A. De Padua,13
94,SOFSE SARMIENTO,11644,26535,FFCC Sarmiento Est. S.A. De Padua,13
94,SOFSE SARMIENTO,11650,23166,FFCC Sarmiento Est. Merlo,14
94,SOFSE SARMIENTO,11655,23166,FFCC Sarmiento Est. Merlo,14
94,SOFSE SARMIENTO,11657,23166,FFCC Sarmiento Est. Merlo,14
94,SOFSE SARMIENTO,11677,23166,FFCC Sarmiento Est. Merlo,14
94,SOFSE SARMIENTO,11651,23166,FFCC Sarmiento Est. Merlo,14
94,SOFSE SARMIENTO,11648,23166,FFCC Sarmiento Est. Merlo,14
94,SOFSE SARMIENTO,11654,23166,FFCC Sarmiento Est. Merlo,14
94,SOFSE SARMIENTO,11656,23166,FFCC Sarmiento Est. Merlo,14
94,SOFSE SARMIENTO,11678,23166,FFCC Sarmiento Est. Merlo,14
94,SOFSE SARMIENTO,11653,23166,FFCC Sarmiento Est. Merlo,14
94,SOFSE SARMIENTO,11649,23166,FFCC Sarmiento Est. Merlo,14
94,SOFSE SARMIENTO,11652,23166,FFCC Sarmiento Est. Merlo,14
94,SOFSE SARMIENTO,11516,23166,FFCC Sarmiento Est. Merlo,14
94,SOFSE SARMIENTO,11545,23166,FFCC Sarmiento Est. Merlo,14
94,SOFSE SARMIENTO,11544,23166,FFCC Sarmiento Est. Merlo,14
94,SOFSE SARMIENTO,11658,26547,FFCC Sarmiento Est. Paso del Rey,15
94,SOFSE SARMIENTO,11659,26547,FFCC Sarmiento Est. Paso del Rey,15
94,SOFSE SARMIENTO,11517,26547,FFCC Sarmiento Est. Paso del Rey,15
94,SOFSE SARMIENTO,11546,26547,FFCC Sarmiento Est. Paso del Rey,15
94,SOFSE SARMIENTO,11581,26547,FFCC Sarmiento Est. Paso del Rey,15
94,SOFSE SARMIENTO,11669,25628,FFCC Sarmiento Est. Moreno,16
94,SOFSE SARMIENTO,11664,25628,FFCC Sarmiento Est. Moreno,16
94,SOFSE SARMIENTO,11668,25628,FFCC Sarmiento Est. Moreno,16
94,SOFSE SARMIENTO,11661,25628,FFCC Sarmiento Est. Moreno,16
94,SOFSE SARMIENTO,11670,25628,FFCC Sarmiento Est. Moreno,16
94,SOFSE SARMIENTO,11665,25628,FFCC Sarmiento Est. Moreno,16
94,SOFSE SARMIENTO,11667,25628,FFCC Sarmiento Est. Moreno,16
94,SOFSE SARMIENTO,11662,25628,FFCC Sarmiento Est. Moreno,16
94,SOFSE SARMIENTO,11666,25628,FFCC Sarmiento Est. Moreno,16
94,SOFSE SARMIENTO,11663,25628,FFCC Sarmiento Est. Moreno,16
94,SOFSE SARMIENTO,11569,25628,FFCC Sarmiento Est. Moreno,16
94,SOFSE SARMIENTO,11582,25628,FFCC Sarmiento Est. Moreno,16
94,SOFSE SARMIENTO,11701,41138,FFCC Sarmiento Est. Merlo 2,17
94,SOFSE SARMIENTO,11702,41257,FFCC Sarmiento Est. Ferrari,18
94,SOFSE SARMIENTO,11703,41276,FFCC Sarmiento Est. Mariano Acosta,19
94,SOFSE SARMIENTO,11704,41282,FFCC Sarmiento Est. Marcos Paz,20
94,SOFSE SARMIENTO,11705,41535,FFCC Sarmiento Est. Las Heras,21
94,SOFSE SARMIENTO,11706,41536,FFCC Sarmiento Est. Lobos,22
94,SOFSE SARMIENTO,11721,41537,FFCC Sarmiento Est. Moreno 2,23
94,SOFSE SARMIENTO,11722,41538,FFCC Sarmiento Est. Fco. Alvarez,24
94,SOFSE SARMIENTO,11723,41539,FFCC Sarmiento Est. Las Malvinas,25
94,SOFSE SARMIENTO,11724,41540,FFCC Sarmiento Est. Gral. Rodriguez,26
94,SOFSE SARMIENTO,11725,41541,FFCC Sarmiento Est. Gral. Universidad Lujan,27
94,SOFSE SARMIENTO,11726,41542,FFCC Sarmiento Est. Lujan,28
94,SOFSE SARMIENTO,11727,41543,FFCC Sarmiento Est. Mercedes,29
167,FFCC BELGRANO SUR,15700,25677,FFCC Belgrano Sur - Est. Buenos Aires,1
167,FFCC BELGRANO SUR,15504,25677,FFCC Belgrano Sur - Est. Buenos Aires,1
167,FFCC BELGRANO SUR,15746,25677,FFCC Belgrano Sur - Est. Buenos Aires,1
167,FFCC BELGRANO SUR,15702,25553,FFCC Belgrano Sur - Est. Sáenz,2
167,FFCC BELGRANO SUR,15703,25553,FFCC Belgrano Sur - Est. Sáenz,2
167,FFCC BELGRANO SUR,15501,25553,FFCC Belgrano Sur - Est. Sáenz,2
167,FFCC BELGRANO SUR,15739,25688,FFCC Belgrano Sur - Est. Soldati,3
167,FFCC BELGRANO SUR,15505,25688,FFCC Belgrano Sur - Est. Soldati,3
167,FFCC BELGRANO SUR,15714,25642,FFCC Belgrano Sur - Est. Illia,4
167,FFCC BELGRANO SUR,15520,25642,FFCC Belgrano Sur - Est. Illia,4
167,FFCC BELGRANO SUR,15715,25640,FFCC Belgrano Sur - Est. Lugano,5
167,FFCC BELGRANO SUR,15742,25640,FFCC Belgrano Sur - Est. Lugano,5
167,FFCC BELGRANO SUR,15716,25644,FFCC Belgrano Sur - Est. Madero,6
167,FFCC BELGRANO SUR,15507,25644,FFCC Belgrano Sur - Est. Madero,6
167,FFCC BELGRANO SUR,15720,25704,FFCC Belgrano Sur - Est. Fournier,7
167,FFCC BELGRANO SUR,15508,25704,FFCC Belgrano Sur - Est. Fournier,7
167,FFCC BELGRANO SUR,15717,25699,FFCC Belgrano Sur - Est. Tapiales,8
167,FFCC BELGRANO SUR,15525,25699,FFCC Belgrano Sur - Est. Tapiales,8
167,FFCC BELGRANO SUR,15751,25699,FFCC Belgrano Sur - Est. Tapiales,8
167,FFCC BELGRANO SUR,15718,25700,FFCC Belgrano Sur - Est. Aldo Bonzi,9
167,FFCC BELGRANO SUR,15511,25700,FFCC Belgrano Sur - Est. Aldo Bonzi,9
167,FFCC BELGRANO SUR,15732,25930,FFCC Belgrano Sur - Est. S. de Mendeville,10
167,FFCC BELGRANO SUR,15748,25930,FFCC Belgrano Sur - Est. S. de Mendeville,10
167,FFCC BELGRANO SUR,15731,25872,FFCC Belgrano Sur - Est. Jose ingenieros,11
167,FFCC BELGRANO SUR,15519,25872,FFCC Belgrano Sur - Est. Jose ingenieros,11
167,FFCC BELGRANO SUR,15729,25870,FFCC Belgrano Sur - Est. I. Casanova,13
167,FFCC BELGRANO SUR,15513,25870,FFCC Belgrano Sur - Est. I. Casanova,13
167,FFCC BELGRANO SUR,15738,25832,FFCC Belgrano Sur - Est. Rafael Castillo,14
167,FFCC BELGRANO SUR,15728,25832,FFCC Belgrano Sur - Est. Rafael Castillo,14
167,FFCC BELGRANO SUR,15514,25832,FFCC Belgrano Sur - Est. Rafael Castillo,14
167,FFCC BELGRANO SUR,15727,25831,FFCC Belgrano Sur - Est. Merlo Gomez,15
167,FFCC BELGRANO SUR,15515,25831,FFCC Belgrano Sur - Est. Merlo Gomez,15
167,FFCC BELGRANO SUR,15744,25831,FFCC Belgrano Sur - Est. Merlo Gomez,15
167,FFCC BELGRANO SUR,15719,25713,FFCC Belgrano Sur - Est. Libertad,16
167,FFCC BELGRANO SUR,15736,25713,FFCC Belgrano Sur - Est. Libertad,16
167,FFCC BELGRANO SUR,15516,25713,FFCC Belgrano Sur - Est. Libertad,16
167,FFCC BELGRANO SUR,15737,25769,FFCC Belgrano Sur - Est. Gral. Belgrano,17
167,FFCC BELGRANO SUR,15725,25769,FFCC Belgrano Sur - Est. Gral. Belgrano,17
167,FFCC BELGRANO SUR,15726,25769,FFCC Belgrano Sur - Est. Gral. Belgrano,17
167,FFCC BELGRANO SUR,15753,25769,FFCC Belgrano Sur - Est. Gral. Belgrano,17
167,FFCC BELGRANO SUR,15752,25769,FFCC Belgrano Sur - Est. Gral. Belgrano,17
167,FFCC BELGRANO SUR,15754,25769,FFCC Belgrano Sur - Est. Gral. Belgrano,17
167,FFCC BELGRANO SUR,15730,25871,FFCC Belgrano Sur - Est. Justo Villegas,18
167,FFCC BELGRANO SUR,15745,25871,FFCC Belgrano Sur - Est. Justo Villegas,18
167,FFCC BELGRANO SUR,15721,26429,FFCC Belgrano Sur - Est. Querandi,19
167,FFCC BELGRANO SUR,15512,26429,FFCC Belgrano Sur - Est. Querandi,19
167,FFCC BELGRANO SUR,15707,25569,FFCC Belgrano Sur - Est. La Ferrere,20
167,FFCC BELGRANO SUR,15706,25569,FFCC Belgrano Sur - Est. La Ferrere,20
167,FFCC BELGRANO SUR,15705,25569,FFCC Belgrano Sur - Est. La Ferrere,20
167,FFCC BELGRANO SUR,15704,25569,FFCC Belgrano Sur - Est. La Ferrere,20
167,FFCC BELGRANO SUR,15502,25569,FFCC Belgrano Sur - Est. La Ferrere,20
167,FFCC BELGRANO SUR,15740,25569,FFCC Belgrano Sur - Est. La Ferrere,20
167,FFCC BELGRANO SUR,15749,25569,FFCC Belgrano Sur - Est. La Ferrere,20
167,FFCC BELGRANO SUR,15722,26430,FFCC Belgrano Sur - Est. Eva Duarte,21
167,FFCC BELGRANO SUR,15510,26430,FFCC Belgrano Sur - Est. Eva Duarte,21
167,FFCC BELGRANO SUR,15712,25641,FFCC Belgrano Sur - Est. Independencia,22
167,FFCC BELGRANO SUR,15724,25641,FFCC Belgrano Sur - Est. Independencia,22
167,FFCC BELGRANO SUR,15710,25572,FFCC Belgrano Sur - Est. Gonzalez Catan,23
167,FFCC BELGRANO SUR,15711,25572,FFCC Belgrano Sur - Est. Gonzalez Catan,23
167,FFCC BELGRANO SUR,15709,25572,FFCC Belgrano Sur - Est. Gonzalez Catan,23
167,FFCC BELGRANO SUR,15503,25572,FFCC Belgrano Sur - Est. Gonzalez Catan,23
167,FFCC BELGRANO SUR,15741,25572,FFCC Belgrano Sur - Est. Gonzalez Catan,23
167,FFCC BELGRANO SUR,15743,25572,FFCC Belgrano Sur - Est. Gonzalez Catan,23
167,FFCC BELGRANO SUR,15733,25929,FFCC Belgrano Sur - Est. Puente Alsina,24
167,FFCC BELGRANO SUR,15517,25929,FFCC Belgrano Sur - Est. Puente Alsina,24
167,FFCC BELGRANO SUR,15723,25759,FFCC Belgrano Sur - Est. Ingeniero Castello,216
167,FFCC BELGRANO SUR,15750,25759,FFCC Belgrano Sur - Est. Ingeniero Castello,216
167,FFCC BELGRANO SUR,15755,25553,FFCC Belgrano Sur - Est. Sáenz,25553
168,FFCC ROCA,868,24613,FFCC General Roca - Est. Constitución,1
168,FFCC ROCA,889,24613,FFCC General Roca - Est. Constitución,1
168,FFCC ROCA,738,24613,FFCC General Roca - Est. Constitución,1
168,FFCC ROCA,739,24613,FFCC General Roca - Est. Constitución,1
168,FFCC ROCA,786,24613,FFCC General Roca - Est. Constitución,1
168,FFCC ROCA,866,24613,FFCC General Roca - Est. Constitución,1
168,FFCC ROCA,900,24613,FFCC General Roca - Est. Constitución,1
168,FFCC ROCA,740,24613,FFCC General Roca - Est. Constitución,1
168,FFCC ROCA,870,24613,FFCC General Roca - Est. Constitución,1
168,FFCC ROCA,876,24613,FFCC General Roca - Est. Constitución,1
168,FFCC ROCA,782,24613,FFCC General Roca - Est. Constitución,1
168,FFCC ROCA,867,24613,FFCC General Roca - Est. Constitución,1
168,FFCC ROCA,887,24613,FFCC General Roca - Est. Constitución,1
168,FFCC ROCA,784,24613,FFCC General Roca - Est. Constitución,1
168,FFCC ROCA,869,24613,FFCC General Roca - Est. Constitución,1
168,FFCC ROCA,873,24613,FFCC General Roca - Est. Constitución,1
168,FFCC ROCA,956,24613,FFCC General Roca - Est. Constitución,1
168,FFCC ROCA,957,24613,FFCC General Roca - Est. Constitución,1
168,FFCC ROCA,872,24613,FFCC General Roca - Est. Constitución,1
168,FFCC ROCA,955,24613,FFCC General Roca - Est. Constitución,1
168,FFCC ROCA,958,24613,FFCC General Roca - Est. Constitución,1
168,FFCC ROCA,597,24613,FFCC General Roca - Est. Constitución,1
168,FFCC ROCA,510,24613,FFCC General Roca - Est. Constitución,1
168,FFCC ROCA,507,24613,FFCC General Roca - Est. Constitución,1
168,FFCC ROCA,508,24613,FFCC General Roca - Est. Constitución,1
168,FFCC ROCA,583,24613,FFCC General Roca - Est. Constitución,1
168,FFCC ROCA,505,24613,FFCC General Roca - Est. Constitución,1
168,FFCC ROCA,509,24613,FFCC General Roca - Est. Constitución,1
168,FFCC ROCA,501,24613,FFCC General Roca - Est. Constitución,1
168,FFCC ROCA,595,24613,FFCC General Roca - Est. Constitución,1
168,FFCC ROCA,979,24613,FFCC General Roca - Est. Constitución,1
168,FFCC ROCA,594,24613,FFCC General Roca - Est. Constitución,1
168,FFCC ROCA,506,24613,FFCC General Roca - Est. Constitución,1
168,FFCC ROCA,593,24613,FFCC General Roca - Est. Constitución,1
168,FFCC ROCA,592,24613,FFCC General Roca - Est. Constitución,1
168,FFCC ROCA,970,24613,FFCC General Roca - Est. Constitución,1
168,FFCC ROCA,978,24613,FFCC General Roca - Est. Constitución,1
168,FFCC ROCA,971,24613,FFCC General Roca - Est. Constitución,1
168,FFCC ROCA,972,24613,FFCC General Roca - Est. Constitución,1
168,FFCC ROCA,996,24613,FFCC General Roca - Est. Constitución,1
168,FFCC ROCA,974,24613,FFCC General Roca - Est. Constitución,1
168,FFCC ROCA,977,24613,FFCC General Roca - Est. Constitución,1
168,FFCC ROCA,618,24613,FFCC General Roca - Est. Constitución,1
168,FFCC ROCA,603,24613,FFCC General Roca - Est. Constitución,1
168,FFCC ROCA,601,24613,FFCC General Roca - Est. Constitución,1
168,FFCC ROCA,602,24613,FFCC General Roca - Est. Constitución,1
168,FFCC ROCA,998,24613,FFCC General Roca - Est. Constitución,1
168,FFCC ROCA,997,24613,FFCC General Roca - Est. Constitución,1
168,FFCC ROCA,968,24613,FFCC General Roca - Est. Constitución,1
168,FFCC ROCA,865,25139,FFCC General Roca - Est. Yrigoyen,2
168,FFCC ROCA,762,24334,FFCC General Roca - Est. Avellaneda,3
168,FFCC ROCA,763,24334,FFCC General Roca - Est. Avellaneda,3
168,FFCC ROCA,512,24334,FFCC General Roca - Est. Avellaneda,3
168,FFCC ROCA,993,24334,FFCC General Roca - Est. Avellaneda,3
168,FFCC ROCA,849,24597,FFCC General Roca - Est. Sarandi,4
168,FFCC ROCA,546,24597,FFCC General Roca - Est. Sarandi,4
168,FFCC ROCA,850,24598,FFCC General Roca - Est. Villa Dominico,5
168,FFCC ROCA,547,24598,FFCC General Roca - Est. Villa Dominico,5
168,FFCC ROCA,852,24599,FFCC General Roca - Est. Wilde,6
168,FFCC ROCA,949,24599,FFCC General Roca - Est. Wilde,6
168,FFCC ROCA,548,24599,FFCC General Roca - Est. Wilde,6
168,FFCC ROCA,549,24599,FFCC General Roca - Est. Wilde,6
168,FFCC ROCA,975,24599,FFCC General Roca - Est. Wilde,6
168,FFCC ROCA,981,24599,FFCC General Roca - Est. Wilde,6
168,FFCC ROCA,853,24600,FFCC General Roca - Est. Don Bosco,7
168,FFCC ROCA,950,24600,FFCC General Roca - Est. Don Bosco,7
168,FFCC ROCA,557,24600,FFCC General Roca - Est. Don Bosco,7
168,FFCC ROCA,621,24600,FFCC General Roca - Est. Don Bosco,7
168,FFCC ROCA,855,24601,FFCC General Roca - Est. Bernal,8
168,FFCC ROCA,854,24601,FFCC General Roca - Est. Bernal,8
168,FFCC ROCA,558,24601,FFCC General Roca - Est. Bernal,8
168,FFCC ROCA,582,24601,FFCC General Roca - Est. Bernal,8
168,FFCC ROCA,861,24601,FFCC General Roca - Est. Bernal,8
168,FFCC ROCA,730,24297,FFCC General Roca - Est. Quilmes,9
168,FFCC ROCA,731,24297,FFCC General Roca - Est. Quilmes,9
168,FFCC ROCA,728,24297,FFCC General Roca - Est. Quilmes,9
168,FFCC ROCA,729,24297,FFCC General Roca - Est. Quilmes,9
168,FFCC ROCA,732,24297,FFCC General Roca - Est. Quilmes,9
168,FFCC ROCA,550,24297,FFCC General Roca - Est. Quilmes,9
168,FFCC ROCA,551,24297,FFCC General Roca - Est. Quilmes,9
168,FFCC ROCA,856,24603,FFCC General Roca - Est. Ezpeleta,10
168,FFCC ROCA,953,24603,FFCC General Roca - Est. Ezpeleta,10
168,FFCC ROCA,952,24603,FFCC General Roca - Est. Ezpeleta,10
168,FFCC ROCA,951,24603,FFCC General Roca - Est. Ezpeleta,10
168,FFCC ROCA,559,24603,FFCC General Roca - Est. Ezpeleta,10
168,FFCC ROCA,737,24291,FFCC General Roca - Est. Berazategui,11
168,FFCC ROCA,734,24291,FFCC General Roca - Est. Berazategui,11
168,FFCC ROCA,735,24291,FFCC General Roca - Est. Berazategui,11
168,FFCC ROCA,736,24291,FFCC General Roca - Est. Berazategui,11
168,FFCC ROCA,531,24291,FFCC General Roca - Est. Berazategui,11
168,FFCC ROCA,566,24291,FFCC General Roca - Est. Berazategui,11
168,FFCC ROCA,937,24291,FFCC General Roca - Est. Berazategui,11
168,FFCC ROCA,954,25932,FFCC General Roca - Est. Platanos,12
168,FFCC ROCA,574,25932,FFCC General Roca - Est. Platanos,12
168,FFCC ROCA,857,25138,FFCC General Roca - Est. Hudson,13
168,FFCC ROCA,573,25138,FFCC General Roca - Est. Hudson,13
168,FFCC ROCA,858,25496,FFCC General Roca - Est. Villa Elisa,15
168,FFCC ROCA,533,25496,FFCC General Roca - Est. Villa Elisa,15
168,FFCC ROCA,859,25471,FFCC General Roca - Est. City Bell,16
168,FFCC ROCA,532,25471,FFCC General Roca - Est. City Bell,16
168,FFCC ROCA,746,25471,FFCC General Roca - Est. City Bell,16
168,FFCC ROCA,860,25472,FFCC General Roca - Est.  Gonnet,17
168,FFCC ROCA,572,25472,FFCC General Roca - Est.  Gonnet,17
168,FFCC ROCA,599,25497,FFCC General Roca - Est. Ringuelet,18
168,FFCC ROCA,733,25497,FFCC General Roca - Est. Ringuelet,18
168,FFCC ROCA,862,25474,FFCC General Roca - Est. Tolosa,19
168,FFCC ROCA,570,25474,FFCC General Roca - Est. Tolosa,19
168,FFCC ROCA,827,24586,FFCC General Roca - Est. La Plata,20
168,FFCC ROCA,829,24586,FFCC General Roca - Est. La Plata,20
168,FFCC ROCA,828,24586,FFCC General Roca - Est. La Plata,20
168,FFCC ROCA,530,24586,FFCC General Roca - Est. La Plata,20
168,FFCC ROCA,948,24586,FFCC General Roca - Est. La Plata,20
168,FFCC ROCA,898,24586,FFCC General Roca - Est. La Plata,20
168,FFCC ROCA,984,24586,FFCC General Roca - Est. La Plata,20
168,FFCC ROCA,973,24586,FFCC General Roca - Est. La Plata,20
168,FFCC ROCA,899,24634,FFCC General Roca - Est. Gerli,21
168,FFCC ROCA,959,24634,FFCC General Roca - Est. Gerli,21
168,FFCC ROCA,513,24634,FFCC General Roca - Est. Gerli,21
168,FFCC ROCA,710,24311,FFCC General Roca - Est. Lanus,22
168,FFCC ROCA,711,24311,FFCC General Roca - Est. Lanus,22
168,FFCC ROCA,708,24311,FFCC General Roca - Est. Lanus,22
168,FFCC ROCA,709,24311,FFCC General Roca - Est. Lanus,22
168,FFCC ROCA,712,24311,FFCC General Roca - Est. Lanus,22
168,FFCC ROCA,713,24311,FFCC General Roca - Est. Lanus,22
168,FFCC ROCA,515,24311,FFCC General Roca - Est. Lanus,22
168,FFCC ROCA,878,24311,FFCC General Roca - Est. Lanus,22
168,FFCC ROCA,604,24311,FFCC General Roca - Est. Lanus,22
168,FFCC ROCA,619,24311,FFCC General Roca - Est. Lanus,22
168,FFCC ROCA,962,24311,FFCC General Roca - Est. Lanus,22
168,FFCC ROCA,799,24605,FFCC General Roca - Est. Escalada,23
168,FFCC ROCA,796,24605,FFCC General Roca - Est. Escalada,23
168,FFCC ROCA,517,24605,FFCC General Roca - Est. Escalada,23
168,FFCC ROCA,800,24605,FFCC General Roca - Est. Escalada,23
168,FFCC ROCA,702,23826,FFCC General Roca - Est. Banfield,24
168,FFCC ROCA,714,23826,FFCC General Roca - Est. Banfield,24
168,FFCC ROCA,701,23826,FFCC General Roca - Est. Banfield,24
168,FFCC ROCA,703,23826,FFCC General Roca - Est. Banfield,24
168,FFCC ROCA,704,23826,FFCC General Roca - Est. Banfield,24
168,FFCC ROCA,715,23826,FFCC General Roca - Est. Banfield,24
168,FFCC ROCA,961,23826,FFCC General Roca - Est. Banfield,24
168,FFCC ROCA,519,23826,FFCC General Roca - Est. Banfield,24
168,FFCC ROCA,518,23826,FFCC General Roca - Est. Banfield,24
168,FFCC ROCA,520,23826,FFCC General Roca - Est. Banfield,24
168,FFCC ROCA,611,23826,FFCC General Roca - Est. Banfield,24
168,FFCC ROCA,615,23826,FFCC General Roca - Est. Banfield,24
168,FFCC ROCA,716,24305,FFCC General Roca - Est. Lomas de Zamora,25
168,FFCC ROCA,718,24305,FFCC General Roca - Est. Lomas de Zamora,25
168,FFCC ROCA,719,24305,FFCC General Roca - Est. Lomas de Zamora,25
168,FFCC ROCA,721,24305,FFCC General Roca - Est. Lomas de Zamora,25
168,FFCC ROCA,720,24305,FFCC General Roca - Est. Lomas de Zamora,25
168,FFCC ROCA,717,24305,FFCC General Roca - Est. Lomas de Zamora,25
168,FFCC ROCA,522,24305,FFCC General Roca - Est. Lomas de Zamora,25
168,FFCC ROCA,585,24305,FFCC General Roca - Est. Lomas de Zamora,25
168,FFCC ROCA,521,24305,FFCC General Roca - Est. Lomas de Zamora,25
168,FFCC ROCA,579,24305,FFCC General Roca - Est. Lomas de Zamora,25
168,FFCC ROCA,747,24305,FFCC General Roca - Est. Lomas de Zamora,25
168,FFCC ROCA,985,24305,FFCC General Roca - Est. Lomas de Zamora,25
168,FFCC ROCA,995,24305,FFCC General Roca - Est. Lomas de Zamora,25
168,FFCC ROCA,804,24322,FFCC General Roca - Est. Temperley,26
168,FFCC ROCA,803,24322,FFCC General Roca - Est. Temperley,26
168,FFCC ROCA,807,24322,FFCC General Roca - Est. Temperley,26
168,FFCC ROCA,808,24322,FFCC General Roca - Est. Temperley,26
168,FFCC ROCA,805,24322,FFCC General Roca - Est. Temperley,26
168,FFCC ROCA,960,24322,FFCC General Roca - Est. Temperley,26
168,FFCC ROCA,524,24322,FFCC General Roca - Est. Temperley,26
168,FFCC ROCA,523,24322,FFCC General Roca - Est. Temperley,26
168,FFCC ROCA,896,24633,FFCC General Roca - Est. Turdera,27
168,FFCC ROCA,534,24633,FFCC General Roca - Est. Turdera,27
168,FFCC ROCA,969,24633,FFCC General Roca - Est. Turdera,27
168,FFCC ROCA,535,24636,FFCC General Roca - Est. Llavallol,28
168,FFCC ROCA,988,24636,FFCC General Roca - Est. Llavallol,28
168,FFCC ROCA,930,25140,FFCC General Roca - Est. Luis Guillon,29
168,FFCC ROCA,882,25140,FFCC General Roca - Est. Luis Guillon,29
168,FFCC ROCA,612,25140,FFCC General Roca - Est. Luis Guillon,29
168,FFCC ROCA,537,25140,FFCC General Roca - Est. Luis Guillon,29
168,FFCC ROCA,609,25140,FFCC General Roca - Est. Luis Guillon,29
168,FFCC ROCA,992,25140,FFCC General Roca - Est. Luis Guillon,29
168,FFCC ROCA,766,24328,FFCC General Roca - Est. Monte Grande,30
168,FFCC ROCA,767,24328,FFCC General Roca - Est. Monte Grande,30
168,FFCC ROCA,768,24328,FFCC General Roca - Est. Monte Grande,30
168,FFCC ROCA,765,24328,FFCC General Roca - Est. Monte Grande,30
168,FFCC ROCA,967,24328,FFCC General Roca - Est. Monte Grande,30
168,FFCC ROCA,540,24328,FFCC General Roca - Est. Monte Grande,30
168,FFCC ROCA,541,24328,FFCC General Roca - Est. Monte Grande,30
168,FFCC ROCA,542,24328,FFCC General Roca - Est. Monte Grande,30
168,FFCC ROCA,989,24328,FFCC General Roca - Est. Monte Grande,30
168,FFCC ROCA,836,24589,FFCC General Roca - Est. El Jaguel,31
168,FFCC ROCA,839,24589,FFCC General Roca - Est. El Jaguel,31
168,FFCC ROCA,838,24589,FFCC General Roca - Est. El Jaguel,31
168,FFCC ROCA,539,24589,FFCC General Roca - Est. El Jaguel,31
168,FFCC ROCA,538,24589,FFCC General Roca - Est. El Jaguel,31
168,FFCC ROCA,999,24589,FFCC General Roca - Est. El Jaguel,31
168,FFCC ROCA,983,24589,FFCC General Roca - Est. El Jaguel,31
168,FFCC ROCA,830,24433,FFCC General Roca - Est. Ezeiza,32
168,FFCC ROCA,831,24433,FFCC General Roca - Est. Ezeiza,32
168,FFCC ROCA,832,24433,FFCC General Roca - Est. Ezeiza,32
168,FFCC ROCA,833,24433,FFCC General Roca - Est. Ezeiza,32
168,FFCC ROCA,834,24433,FFCC General Roca - Est. Ezeiza,32
168,FFCC ROCA,835,24433,FFCC General Roca - Est. Ezeiza,32
168,FFCC ROCA,543,24433,FFCC General Roca - Est. Ezeiza,32
168,FFCC ROCA,545,24433,FFCC General Roca - Est. Ezeiza,32
168,FFCC ROCA,544,24433,FFCC General Roca - Est. Ezeiza,32
168,FFCC ROCA,614,24433,FFCC General Roca - Est. Ezeiza,32
168,FFCC ROCA,908,26528,FFCC General Roca - Est. Tristan Suarez,34
168,FFCC ROCA,577,26528,FFCC General Roca - Est. Tristan Suarez,34
168,FFCC ROCA,912,26529,FFCC General Roca - Est. Spegazzini,35
168,FFCC ROCA,578,26529,FFCC General Roca - Est. Spegazzini,35
168,FFCC ROCA,616,26529,FFCC General Roca - Est. Spegazzini,35
168,FFCC ROCA,874,25766,FFCC General Roca - Est. Maximo Paz,36
168,FFCC ROCA,913,26530,FFCC General Roca - Est. Vicente Casares,37
168,FFCC ROCA,917,25701,FFCC General Roca - Est. A.Petión,38
168,FFCC ROCA,920,25702,FFCC General Roca - Est. Cañuelas,41
168,FFCC ROCA,607,25702,FFCC General Roca - Est. Cañuelas,41
168,FFCC ROCA,569,25702,FFCC General Roca - Est. Cañuelas,41
168,FFCC ROCA,790,24337,FFCC General Roca - Est. Adrogue,42
168,FFCC ROCA,791,24337,FFCC General Roca - Est. Adrogue,42
168,FFCC ROCA,787,24337,FFCC General Roca - Est. Adrogue,42
168,FFCC ROCA,788,24337,FFCC General Roca - Est. Adrogue,42
168,FFCC ROCA,554,24337,FFCC General Roca - Est. Adrogue,42
168,FFCC ROCA,606,24337,FFCC General Roca - Est. Adrogue,42
168,FFCC ROCA,795,24427,FFCC General Roca - Est. Burzaco,43
168,FFCC ROCA,812,24427,FFCC General Roca - Est. Burzaco,43
168,FFCC ROCA,810,24427,FFCC General Roca - Est. Burzaco,43
168,FFCC ROCA,792,24427,FFCC General Roca - Est. Burzaco,43
168,FFCC ROCA,598,24427,FFCC General Roca - Est. Burzaco,43
168,FFCC ROCA,552,24427,FFCC General Roca - Est. Burzaco,43
168,FFCC ROCA,553,24427,FFCC General Roca - Est. Burzaco,43
168,FFCC ROCA,591,24427,FFCC General Roca - Est. Burzaco,43
168,FFCC ROCA,743,24427,FFCC General Roca - Est. Burzaco,43
168,FFCC ROCA,772,24317,FFCC General Roca - Est. Longchamps,44
168,FFCC ROCA,770,24317,FFCC General Roca - Est. Longchamps,44
168,FFCC ROCA,771,24317,FFCC General Roca - Est. Longchamps,44
168,FFCC ROCA,724,24317,FFCC General Roca - Est. Longchamps,44
168,FFCC ROCA,769,24317,FFCC General Roca - Est. Longchamps,44
168,FFCC ROCA,529,24317,FFCC General Roca - Est. Longchamps,44
168,FFCC ROCA,528,24317,FFCC General Roca - Est. Longchamps,44
168,FFCC ROCA,991,24317,FFCC General Roca - Est. Longchamps,44
168,FFCC ROCA,980,24317,FFCC General Roca - Est. Longchamps,44
168,FFCC ROCA,707,23832,FFCC General Roca - Est. Glew,45
168,FFCC ROCA,794,23832,FFCC General Roca - Est. Glew,45
168,FFCC ROCA,706,23832,FFCC General Roca - Est. Glew,45
168,FFCC ROCA,705,23832,FFCC General Roca - Est. Glew,45
168,FFCC ROCA,793,23832,FFCC General Roca - Est. Glew,45
168,FFCC ROCA,797,23832,FFCC General Roca - Est. Glew,45
168,FFCC ROCA,802,23832,FFCC General Roca - Est. Glew,45
168,FFCC ROCA,963,23832,FFCC General Roca - Est. Glew,45
168,FFCC ROCA,525,23832,FFCC General Roca - Est. Glew,45
168,FFCC ROCA,526,23832,FFCC General Roca - Est. Glew,45
168,FFCC ROCA,527,23832,FFCC General Roca - Est. Glew,45
168,FFCC ROCA,722,24425,FFCC General Roca - Est. Guernica,46
168,FFCC ROCA,723,24425,FFCC General Roca - Est. Guernica,46
168,FFCC ROCA,921,24425,FFCC General Roca - Est. Guernica,46
168,FFCC ROCA,580,24425,FFCC General Roca - Est. Guernica,46
168,FFCC ROCA,581,24425,FFCC General Roca - Est. Guernica,46
168,FFCC ROCA,725,24422,FFCC General Roca - Est. Alejandro Korn,47
168,FFCC ROCA,726,24422,FFCC General Roca - Est. Alejandro Korn,47
168,FFCC ROCA,727,24422,FFCC General Roca - Est. Alejandro Korn,47
168,FFCC ROCA,556,24422,FFCC General Roca - Est. Alejandro Korn,47
168,FFCC ROCA,848,24596,FFCC General Roca - Est. Villa España,48
168,FFCC ROCA,966,24596,FFCC General Roca - Est. Villa España,48
168,FFCC ROCA,560,24596,FFCC General Roca - Est. Villa España,48
168,FFCC ROCA,847,24595,FFCC General Roca - Est. Ranelagh,49
168,FFCC ROCA,561,24595,FFCC General Roca - Est. Ranelagh,49
168,FFCC ROCA,844,24594,FFCC General Roca - Est. Sourigues,50
168,FFCC ROCA,617,24594,FFCC General Roca - Est. Sourigues,50
168,FFCC ROCA,864,24604,FFCC General Roca - Est. Gutierrez,51
168,FFCC ROCA,608,24604,FFCC General Roca - Est. Gutierrez,51
168,FFCC ROCA,837,25627,FFCC General Roca - Est. Bosques,53
168,FFCC ROCA,798,25627,FFCC General Roca - Est. Bosques,53
168,FFCC ROCA,816,25627,FFCC General Roca - Est. Bosques,53
168,FFCC ROCA,744,25627,FFCC General Roca - Est. Bosques,53
168,FFCC ROCA,576,25627,FFCC General Roca - Est. Bosques,53
168,FFCC ROCA,846,25137,FFCC General Roca - Est. Zeballos,54
168,FFCC ROCA,947,25137,FFCC General Roca - Est. Zeballos,54
168,FFCC ROCA,965,25137,FFCC General Roca - Est. Zeballos,54
168,FFCC ROCA,620,25137,FFCC General Roca - Est. Zeballos,54
168,FFCC ROCA,823,24430,FFCC General Roca - Est. Florencio Varela,55
168,FFCC ROCA,826,24430,FFCC General Roca - Est. Florencio Varela,55
168,FFCC ROCA,964,24430,FFCC General Roca - Est. Florencio Varela,55
168,FFCC ROCA,567,24430,FFCC General Roca - Est. Florencio Varela,55
168,FFCC ROCA,590,24430,FFCC General Roca - Est. Florencio Varela,55
168,FFCC ROCA,944,24430,FFCC General Roca - Est. Florencio Varela,55
168,FFCC ROCA,982,24430,FFCC General Roca - Est. Florencio Varela,55
168,FFCC ROCA,994,24430,FFCC General Roca - Est. Florencio Varela,55
168,FFCC ROCA,820,24582,FFCC General Roca - Est. Dante Ardigo,56
168,FFCC ROCA,822,24582,FFCC General Roca - Est. Dante Ardigo,56
168,FFCC ROCA,819,24582,FFCC General Roca - Est. Dante Ardigo,56
168,FFCC ROCA,821,24582,FFCC General Roca - Est. Dante Ardigo,56
168,FFCC ROCA,588,24582,FFCC General Roca - Est. Dante Ardigo,56
168,FFCC ROCA,587,24582,FFCC General Roca - Est. Dante Ardigo,56
168,FFCC ROCA,841,24591,FFCC General Roca - Est. Claypole,57
168,FFCC ROCA,843,24591,FFCC General Roca - Est. Claypole,57
168,FFCC ROCA,842,24591,FFCC General Roca - Est. Claypole,57
168,FFCC ROCA,945,24591,FFCC General Roca - Est. Claypole,57
168,FFCC ROCA,946,24591,FFCC General Roca - Est. Claypole,57
168,FFCC ROCA,565,24591,FFCC General Roca - Est. Claypole,57
168,FFCC ROCA,589,24591,FFCC General Roca - Est. Claypole,57
168,FFCC ROCA,742,24591,FFCC General Roca - Est. Claypole,57
168,FFCC ROCA,902,24591,FFCC General Roca - Est. Claypole,57
168,FFCC ROCA,817,25133,FFCC General Roca - Est. Rafael Calzada,58
168,FFCC ROCA,814,25133,FFCC General Roca - Est. Rafael Calzada,58
168,FFCC ROCA,815,25133,FFCC General Roca - Est. Rafael Calzada,58
168,FFCC ROCA,564,25133,FFCC General Roca - Est. Rafael Calzada,58
168,FFCC ROCA,818,25136,FFCC General Roca - Est. José Marmol,59
168,FFCC ROCA,563,25136,FFCC General Roca - Est. José Marmol,59
168,FFCC ROCA,990,25136,FFCC General Roca - Est. José Marmol,59
168,FFCC ROCA,903,27555,FFCC General Roca - Est. San Justo,67
168,FFCC ROCA,906,27554,FFCC General Roca - Est. Haedo,69
168,FFCC ROCA,863,25625,FFCC General Roca - Est. Santa Sofia,70
168,FFCC ROCA,575,25625,FFCC General Roca - Est. Santa Sofia,70
169,FFCC SAN MARTÍN,15205,24285,FFCC San Martin - Est. Retiro,1
169,FFCC SAN MARTÍN,15206,24285,FFCC San Martin - Est. Retiro,1
169,FFCC SAN MARTÍN,15201,24285,FFCC San Martin - Est. Retiro,1
169,FFCC SAN MARTÍN,15258,24285,FFCC San Martin - Est. Retiro,1
169,FFCC SAN MARTÍN,15260,24285,FFCC San Martin - Est. Retiro,1
169,FFCC SAN MARTÍN,15001,24285,FFCC San Martin - Est. Retiro,1
169,FFCC SAN MARTÍN,15004,24285,FFCC San Martin - Est. Retiro,1
169,FFCC SAN MARTÍN,15002,24285,FFCC San Martin - Est. Retiro,1
169,FFCC SAN MARTÍN,15037,24285,FFCC San Martin - Est. Retiro,1
169,FFCC SAN MARTÍN,15036,24285,FFCC San Martin - Est. Retiro,1
169,FFCC SAN MARTÍN,15203,24288,FFCC San Martin- Est. Palermo,2
169,FFCC SAN MARTÍN,15204,24288,FFCC San Martin- Est. Palermo,2
169,FFCC SAN MARTÍN,15202,24288,FFCC San Martin- Est. Palermo,2
169,FFCC SAN MARTÍN,15257,24288,FFCC San Martin- Est. Palermo,2
169,FFCC SAN MARTÍN,15005,24288,FFCC San Martin- Est. Palermo,2
169,FFCC SAN MARTÍN,15283,24288,FFCC San Martin- Est. Palermo,2
169,FFCC SAN MARTÍN,15297,24288,FFCC San Martin- Est. Palermo,2
169,FFCC SAN MARTÍN,15019,24288,FFCC San Martin- Est. Palermo,2
169,FFCC SAN MARTÍN,15296,24288,FFCC San Martin- Est. Palermo,2
169,FFCC SAN MARTÍN,15268,25519,FFCC San Martin - Est. Chacarita,3
169,FFCC SAN MARTÍN,15232,25519,FFCC San Martin - Est. Chacarita,3
169,FFCC SAN MARTÍN,15233,25519,FFCC San Martin - Est. Chacarita,3
169,FFCC SAN MARTÍN,15269,25519,FFCC San Martin - Est. Chacarita,3
169,FFCC SAN MARTÍN,15010,25519,FFCC San Martin - Est. Chacarita,3
169,FFCC SAN MARTÍN,15011,25519,FFCC San Martin - Est. Chacarita,3
169,FFCC SAN MARTÍN,15294,25519,FFCC San Martin - Est. Chacarita,3
169,FFCC SAN MARTÍN,15293,25519,FFCC San Martin - Est. Chacarita,3
169,FFCC SAN MARTÍN,15291,25519,FFCC San Martin - Est. Chacarita,3
169,FFCC SAN MARTÍN,15292,25519,FFCC San Martin - Est. Chacarita,3
169,FFCC SAN MARTÍN,15250,25667,FFCC San Martin- Est. Paternal,4
169,FFCC SAN MARTÍN,15249,25667,FFCC San Martin- Est. Paternal,4
169,FFCC SAN MARTÍN,15207,24631,FFCC San Martin - Est. Villa del Parque,5
169,FFCC SAN MARTÍN,15256,24631,FFCC San Martin - Est. Villa del Parque,5
169,FFCC SAN MARTÍN,15017,24631,FFCC San Martin - Est. Villa del Parque,5
169,FFCC SAN MARTÍN,15016,24631,FFCC San Martin - Est. Villa del Parque,5
169,FFCC SAN MARTÍN,15278,24631,FFCC San Martin - Est. Villa del Parque,5
169,FFCC SAN MARTÍN,15286,24631,FFCC San Martin - Est. Villa del Parque,5
169,FFCC SAN MARTÍN,15270,25521,FFCC San Martin - Est. Devoto,6
169,FFCC SAN MARTÍN,15234,25521,FFCC San Martin - Est. Devoto,6
169,FFCC SAN MARTÍN,15235,25521,FFCC San Martin - Est. Devoto,6
169,FFCC SAN MARTÍN,15014,25521,FFCC San Martin - Est. Devoto,6
169,FFCC SAN MARTÍN,15015,25521,FFCC San Martin - Est. Devoto,6
169,FFCC SAN MARTÍN,15252,25703,FFCC San Martin - Est. Saenz Peña,7
169,FFCC SAN MARTÍN,15251,25703,FFCC San Martin - Est. Saenz Peña,7
169,FFCC SAN MARTÍN,15255,25703,FFCC San Martin - Est. Saenz Peña,7
169,FFCC SAN MARTÍN,15018,25703,FFCC San Martin - Est. Saenz Peña,7
169,FFCC SAN MARTÍN,15285,25703,FFCC San Martin - Est. Saenz Peña,7
169,FFCC SAN MARTÍN,15242,25660,FFCC San Martin- Est. Santos Lugares,8
169,FFCC SAN MARTÍN,15247,25665,FFCC San Martin- Est. Caseros,9
169,FFCC SAN MARTÍN,15265,25665,FFCC San Martin- Est. Caseros,9
169,FFCC SAN MARTÍN,15246,25665,FFCC San Martin- Est. Caseros,9
169,FFCC SAN MARTÍN,15248,25665,FFCC San Martin- Est. Caseros,9
169,FFCC SAN MARTÍN,15020,25665,FFCC San Martin- Est. Caseros,9
169,FFCC SAN MARTÍN,15222,25517,FFCC San Martin - Est. Palomar,10
169,FFCC SAN MARTÍN,15266,25517,FFCC San Martin - Est. Palomar,10
169,FFCC SAN MARTÍN,15223,25517,FFCC San Martin - Est. Palomar,10
169,FFCC SAN MARTÍN,15021,25517,FFCC San Martin - Est. Palomar,10
169,FFCC SAN MARTÍN,15298,25517,FFCC San Martin - Est. Palomar,10
169,FFCC SAN MARTÍN,15245,25662,FFCC San Martin- Est. Hurlingham,11
169,FFCC SAN MARTÍN,15243,25662,FFCC San Martin- Est. Hurlingham,11
169,FFCC SAN MARTÍN,15267,25662,FFCC San Martin- Est. Hurlingham,11
169,FFCC SAN MARTÍN,15244,25662,FFCC San Martin- Est. Hurlingham,11
169,FFCC SAN MARTÍN,15022,25662,FFCC San Martin- Est. Hurlingham,11
169,FFCC SAN MARTÍN,15289,25662,FFCC San Martin- Est. Hurlingham,11
169,FFCC SAN MARTÍN,15290,25662,FFCC San Martin- Est. Hurlingham,11
169,FFCC SAN MARTÍN,15261,25480,FFCC San Martin- Est. W.Morris,12
169,FFCC SAN MARTÍN,15221,25480,FFCC San Martin- Est. W.Morris,12
169,FFCC SAN MARTÍN,15023,25480,FFCC San Martin- Est. W.Morris,12
169,FFCC SAN MARTÍN,15273,25658,FFCC San Martin- Est. Bella Vista,13
169,FFCC SAN MARTÍN,15240,25658,FFCC San Martin- Est. Bella Vista,13
169,FFCC SAN MARTÍN,15272,25658,FFCC San Martin- Est. Bella Vista,13
169,FFCC SAN MARTÍN,15239,25658,FFCC San Martin- Est. Bella Vista,13
169,FFCC SAN MARTÍN,15238,25658,FFCC San Martin- Est. Bella Vista,13
169,FFCC SAN MARTÍN,15024,25658,FFCC San Martin- Est. Bella Vista,13
169,FFCC SAN MARTÍN,15025,25658,FFCC San Martin- Est. Bella Vista,13
169,FFCC SAN MARTÍN,15220,25478,FFCC San Martin- Est. Muñiz,14
169,FFCC SAN MARTÍN,15271,25478,FFCC San Martin- Est. Muñiz,14
169,FFCC SAN MARTÍN,15026,25478,FFCC San Martin- Est. Muñiz,14
169,FFCC SAN MARTÍN,15210,25127,FFCC San Martin- Est. San Miguel,15
169,FFCC SAN MARTÍN,15214,25127,FFCC San Martin- Est. San Miguel,15
169,FFCC SAN MARTÍN,15213,25127,FFCC San Martin- Est. San Miguel,15
169,FFCC SAN MARTÍN,15209,25127,FFCC San Martin- Est. San Miguel,15
169,FFCC SAN MARTÍN,15212,25127,FFCC San Martin- Est. San Miguel,15
169,FFCC SAN MARTÍN,15007,25127,FFCC San Martin- Est. San Miguel,15
169,FFCC SAN MARTÍN,15006,25127,FFCC San Martin- Est. San Miguel,15
169,FFCC SAN MARTÍN,15276,25127,FFCC San Martin- Est. San Miguel,15
169,FFCC SAN MARTÍN,15277,25127,FFCC San Martin- Est. San Miguel,15
169,FFCC SAN MARTÍN,15284,25127,FFCC San Martin- Est. San Miguel,15
169,FFCC SAN MARTÍN,15029,25127,FFCC San Martin- Est. San Miguel,15
169,FFCC SAN MARTÍN,15282,25127,FFCC San Martin- Est. San Miguel,15
169,FFCC SAN MARTÍN,15287,25127,FFCC San Martin- Est. San Miguel,15
169,FFCC SAN MARTÍN,15288,25127,FFCC San Martin- Est. San Miguel,15
169,FFCC SAN MARTÍN,15230,25481,FFCC San Martin- Est. Jose C.Paz,16
169,FFCC SAN MARTÍN,15229,25481,FFCC San Martin- Est. Jose C.Paz,16
169,FFCC SAN MARTÍN,15224,25481,FFCC San Martin- Est. Jose C.Paz,16
169,FFCC SAN MARTÍN,15226,25481,FFCC San Martin- Est. Jose C.Paz,16
169,FFCC SAN MARTÍN,15225,25481,FFCC San Martin- Est. Jose C.Paz,16
169,FFCC SAN MARTÍN,15259,25481,FFCC San Martin- Est. Jose C.Paz,16
169,FFCC SAN MARTÍN,15227,25481,FFCC San Martin- Est. Jose C.Paz,16
169,FFCC SAN MARTÍN,15228,25481,FFCC San Martin- Est. Jose C.Paz,16
169,FFCC SAN MARTÍN,15231,25481,FFCC San Martin- Est. Jose C.Paz,16
169,FFCC SAN MARTÍN,15031,25481,FFCC San Martin- Est. Jose C.Paz,16
169,FFCC SAN MARTÍN,15008,25481,FFCC San Martin- Est. Jose C.Paz,16
169,FFCC SAN MARTÍN,15009,25481,FFCC San Martin- Est. Jose C.Paz,16
169,FFCC SAN MARTÍN,15274,25481,FFCC San Martin- Est. Jose C.Paz,16
169,FFCC SAN MARTÍN,15013,25481,FFCC San Martin- Est. Jose C.Paz,16
169,FFCC SAN MARTÍN,15012,25481,FFCC San Martin- Est. Jose C.Paz,16
169,FFCC SAN MARTÍN,15034,25481,FFCC San Martin- Est. Jose C.Paz,16
169,FFCC SAN MARTÍN,15264,25516,FFCC San Martin - Est. Sol y verde,17
169,FFCC SAN MARTÍN,15263,25516,FFCC San Martin - Est. Sol y verde,17
169,FFCC SAN MARTÍN,15236,25516,FFCC San Martin - Est. Sol y verde,17
169,FFCC SAN MARTÍN,15237,25516,FFCC San Martin - Est. Sol y verde,17
169,FFCC SAN MARTÍN,15027,25516,FFCC San Martin - Est. Sol y verde,17
169,FFCC SAN MARTÍN,15033,25516,FFCC San Martin - Est. Sol y verde,17
169,FFCC SAN MARTÍN,15216,25473,FFCC San Martin- Est. Derqui,18
169,FFCC SAN MARTÍN,15262,25473,FFCC San Martin- Est. Derqui,18
169,FFCC SAN MARTÍN,15215,25473,FFCC San Martin- Est. Derqui,18
169,FFCC SAN MARTÍN,15219,25473,FFCC San Martin- Est. Derqui,18
169,FFCC SAN MARTÍN,15028,25473,FFCC San Martin- Est. Derqui,18
169,FFCC SAN MARTÍN,15032,25473,FFCC San Martin- Est. Derqui,18
169,FFCC SAN MARTÍN,15035,25473,FFCC San Martin- Est. Derqui,18
169,FFCC SAN MARTÍN,15241,25676,FFCC San Martin - Est. Villa Astolfi,19
169,FFCC SAN MARTÍN,15217,25477,FFCC San Martin- Est. Pilar,20
169,FFCC SAN MARTÍN,15218,25477,FFCC San Martin- Est. Pilar,20
169,FFCC SAN MARTÍN,15030,25477,FFCC San Martin- Est. Pilar,20
169,FFCC SAN MARTÍN,15281,25477,FFCC San Martin- Est. Pilar,20
169,FFCC SAN MARTÍN,15295,25477,FFCC San Martin- Est. Pilar,20
169,FFCC SAN MARTÍN,15280,37194,FFCC San Martin - Manzanares,21
169,FFCC SAN MARTÍN,15279,37193,FFCC San Martin - Est. Cabred,22
178,FFCC MITRE,11101,23155,FFCC Mitre Est. Retiro,1
178,FFCC MITRE,11104,23155,FFCC Mitre Est. Retiro,1
178,FFCC MITRE,11102,23155,FFCC Mitre Est. Retiro,1
178,FFCC MITRE,11105,23155,FFCC Mitre Est. Retiro,1
178,FFCC MITRE,11108,23155,FFCC Mitre Est. Retiro,1
178,FFCC MITRE,11107,23155,FFCC Mitre Est. Retiro,1
178,FFCC MITRE,11109,23155,FFCC Mitre Est. Retiro,1
178,FFCC MITRE,11110,23155,FFCC Mitre Est. Retiro,1
178,FFCC MITRE,11103,23155,FFCC Mitre Est. Retiro,1
178,FFCC MITRE,11111,26850,FFCC Mitre Est. Lisandro de la Torre,2
178,FFCC MITRE,11003,26850,FFCC Mitre Est. Lisandro de la Torre,2
178,FFCC MITRE,11113,26621,FFCC Mitre Est. Belgrano C.,3
178,FFCC MITRE,11114,26621,FFCC Mitre Est. Belgrano C.,3
178,FFCC MITRE,11112,26621,FFCC Mitre Est. Belgrano C.,3
178,FFCC MITRE,11115,26851,FFCC Mitre Est. Nuñez,4
178,FFCC MITRE,11116,26851,FFCC Mitre Est. Nuñez,4
178,FFCC MITRE,11211,26851,FFCC Mitre Est. Nuñez,4
178,FFCC MITRE,11118,26788,FFCC Mitre Est. Rivadavia,5
178,FFCC MITRE,11117,26788,FFCC Mitre Est. Rivadavia,5
178,FFCC MITRE,11119,26791,FFCC Mitre Est. Vicente Lopez,6
178,FFCC MITRE,11120,26791,FFCC Mitre Est. Vicente Lopez,6
178,FFCC MITRE,11121,26793,FFCC Mitre Est. Olivos,7
178,FFCC MITRE,11122,26793,FFCC Mitre Est. Olivos,7
178,FFCC MITRE,11009,26793,FFCC Mitre Est. Olivos,7
178,FFCC MITRE,11124,26680,FFCC Mitre Est. La Lucila,8
178,FFCC MITRE,11125,26680,FFCC Mitre Est. La Lucila,8
178,FFCC MITRE,11123,26680,FFCC Mitre Est. La Lucila,8
178,FFCC MITRE,11010,26680,FFCC Mitre Est. La Lucila,8
178,FFCC MITRE,11205,26680,FFCC Mitre Est. La Lucila,8
178,FFCC MITRE,11127,26683,FFCC Mitre Est. Martinez,9
178,FFCC MITRE,11126,26683,FFCC Mitre Est. Martinez,9
178,FFCC MITRE,11128,26683,FFCC Mitre Est. Martinez,9
178,FFCC MITRE,11130,26743,FFCC Mitre Est. Acassuso,10
178,FFCC MITRE,11129,26743,FFCC Mitre Est. Acassuso,10
178,FFCC MITRE,11132,26647,FFCC Mitre Est. San Isidro,11
178,FFCC MITRE,11133,26647,FFCC Mitre Est. San Isidro,11
178,FFCC MITRE,11131,26647,FFCC Mitre Est. San Isidro,11
178,FFCC MITRE,11134,26745,FFCC Mitre Est. Beccar,12
178,FFCC MITRE,11135,26745,FFCC Mitre Est. Beccar,12
178,FFCC MITRE,11137,26747,FFCC Mitre Est. Victoria,13
178,FFCC MITRE,11138,26747,FFCC Mitre Est. Victoria,13
178,FFCC MITRE,11136,26747,FFCC Mitre Est. Victoria,13
178,FFCC MITRE,11140,26694,FFCC Mitre Est. Virreyes,14
178,FFCC MITRE,11139,26694,FFCC Mitre Est. Virreyes,14
178,FFCC MITRE,11142,26696,FFCC Mitre Est. San Fernando,15
178,FFCC MITRE,11141,26696,FFCC Mitre Est. San Fernando,15
178,FFCC MITRE,11145,26698,FFCC Mitre Est. Carupa,16
178,FFCC MITRE,11144,26698,FFCC Mitre Est. Carupa,16
178,FFCC MITRE,11143,26698,FFCC Mitre Est. Carupa,16
178,FFCC MITRE,11018,26698,FFCC Mitre Est. Carupa,16
178,FFCC MITRE,11146,26650,FFCC Mitre Est. Tigre,17
178,FFCC MITRE,11147,26650,FFCC Mitre Est. Tigre,17
178,FFCC MITRE,11148,26650,FFCC Mitre Est. Tigre,17
178,FFCC MITRE,11149,39557,FFCC Mitre Est. Schweizter,18
178,FFCC MITRE,11150,39559,FFCC Mitre Est. El Talar,19
178,FFCC MITRE,11153,39561,FFCC Mitre Est. Garin,21
178,FFCC MITRE,11152,39561,FFCC Mitre Est. Garin,21
178,FFCC MITRE,11154,39858,FFCC Mitre Est. Maquinista Savio,22
178,FFCC MITRE,11155,39858,FFCC Mitre Est. Maquinista Savio,22
178,FFCC MITRE,11156,38666,FFCC Mitre Est. Matheu,23
178,FFCC MITRE,11203,40258,FFCC Mitre Est. Los Cardales,25
178,FFCC MITRE,11204,40258,FFCC Mitre Est. Los Cardales,25
178,FFCC MITRE,11157,39820,FFCC Mitre Est. Capilla del Señor,26
178,FFCC MITRE,11158,34521,FFCC Mitre Est. 3 de febrero,28
178,FFCC MITRE,11159,32192,FFCC Mitre Est. Mtro. Carranza,29
178,FFCC MITRE,11161,32192,FFCC Mitre Est. Mtro. Carranza,29
178,FFCC MITRE,11160,32192,FFCC Mitre Est. Mtro. Carranza,29
178,FFCC MITRE,11162,34515,FFCC Mitre Est. Colegiales,30
178,FFCC MITRE,11163,34515,FFCC Mitre Est. Colegiales,30
178,FFCC MITRE,11210,34515,FFCC Mitre Est. Colegiales,30
178,FFCC MITRE,11206,34515,FFCC Mitre Est. Colegiales,30
178,FFCC MITRE,11164,31016,FFCC Mitre Est. Belgrano R.,31
178,FFCC MITRE,11165,31016,FFCC Mitre Est. Belgrano R.,31
178,FFCC MITRE,11166,31016,FFCC Mitre Est. Belgrano R.,31
178,FFCC MITRE,11187,34913,FFCC Mitre Est. Coghlan,32
178,FFCC MITRE,11188,34911,FFCC Mitre Est. Saavedra,33
178,FFCC MITRE,11189,34651,FFCC Mitre Est. J.B. Justo,34
178,FFCC MITRE,11190,34635,FFCC Mitre Est. Florida,35
178,FFCC MITRE,11191,34633,FFCC Mitre Est. Centrangolo,36
178,FFCC MITRE,11192,34619,FFCC Mitre Est. Mitre,37
178,FFCC MITRE,11193,34619,FFCC Mitre Est. Mitre,37
178,FFCC MITRE,11167,34555,FFCC Mitre Est. Drago,38
178,FFCC MITRE,11207,34555,FFCC Mitre Est. Drago,38
178,FFCC MITRE,11169,34241,FFCC Mitre Est. Urquiza,39
178,FFCC MITRE,11168,34241,FFCC Mitre Est. Urquiza,39
178,FFCC MITRE,11171,34542,FFCC Mitre Est. Pueyrredon,40
178,FFCC MITRE,11170,34542,FFCC Mitre Est. Pueyrredon,40
178,FFCC MITRE,11172,34574,FFCC Mitre Est. Miguelete,41
178,FFCC MITRE,11283,34574,FFCC Mitre Est. Miguelete,41
178,FFCC MITRE,11175,27491,FFCC Mitre Est. San Martin,42
178,FFCC MITRE,11173,27491,FFCC Mitre Est. San Martin,42
178,FFCC MITRE,11174,27491,FFCC Mitre Est. San Martin,42
178,FFCC MITRE,11209,27491,FFCC Mitre Est. San Martin,42
178,FFCC MITRE,11176,27575,FFCC Mitre Est. San Andres,43
178,FFCC MITRE,11177,27576,FFCC Mitre Est. Malaver,44
178,FFCC MITRE,11178,27548,FFCC Mitre Est. V. Ballester,45
178,FFCC MITRE,11179,27548,FFCC Mitre Est. V. Ballester,45
178,FFCC MITRE,11180,27548,FFCC Mitre Est. V. Ballester,45
178,FFCC MITRE,11181,27577,FFCC Mitre Est. Chilavert,46
178,FFCC MITRE,11186,27503,FFCC Mitre Est. J. L. Suarez,47
178,FFCC MITRE,11183,27503,FFCC Mitre Est. J. L. Suarez,47
178,FFCC MITRE,11182,27503,FFCC Mitre Est. J. L. Suarez,47
178,FFCC MITRE,11185,27503,FFCC Mitre Est. J. L. Suarez,47
178,FFCC MITRE,11184,27503,FFCC Mitre Est. J. L. Suarez,47
178,FFCC MITRE,11208,27503,FFCC Mitre Est. J. L. Suarez,47
178,FFCC MITRE,11194,38668,FFCC Mitre Est. Bancalari,48
178,FFCC MITRE,11197,33718,FFCC Mitre Est. Benavidez,50
178,FFCC MITRE,11200,38667,FFCC Mitre Est. Escobar,52
178,FFCC MITRE,11199,38667,FFCC Mitre Est. Escobar,52
178,FFCC MITRE,11202,31206,FFCC Mitre Est. Zarate,57
204,FFCC URQUIZA,4507,27500,FFCC URQUIZA-Est. Federico Lacroze,1
204,FFCC URQUIZA,4502,27500,FFCC URQUIZA-Est. Federico Lacroze,1
204,FFCC URQUIZA,4500,27500,FFCC URQUIZA-Est. Federico Lacroze,1
204,FFCC URQUIZA,4557,27500,FFCC URQUIZA-Est. Federico Lacroze,1
204,FFCC URQUIZA,4549,27500,FFCC URQUIZA-Est. Federico Lacroze,1
204,FFCC URQUIZA,4552,27716,FFCC URQUIZA-Est. José Artigas,2
204,FFCC URQUIZA,4544,27714,FFCC URQUIZA-Est. Arata,3
204,FFCC URQUIZA,4551,27715,FFCC URQUIZA-Est. F. Beiró,4
204,FFCC URQUIZA,4533,27668,FFCC URQUIZA-Est. El Libertador,5
204,FFCC URQUIZA,4532,27668,FFCC URQUIZA-Est. El Libertador,5
204,FFCC URQUIZA,4575,27605,FFCC URQUIZA-Est. Devoto,6
204,FFCC URQUIZA,4535,27688,FFCC URQUIZA-Est. Cnel. Lynch,7
204,FFCC URQUIZA,4536,27688,FFCC URQUIZA-Est. Cnel. Lynch,7
204,FFCC URQUIZA,4540,27702,FFCC URQUIZA-Est. F. Moreno,8
204,FFCC URQUIZA,4518,27647,FFCC URQUIZA-Est. Lourdes,9
204,FFCC URQUIZA,4512,27640,FFCC URQUIZA-Est. Tropezón,10
204,FFCC URQUIZA,4511,27640,FFCC URQUIZA-Est. Tropezón,10
204,FFCC URQUIZA,4504,27538,FFCC URQUIZA-Est. J.M.Bosch,11
204,FFCC URQUIZA,4529,27613,FFCC URQUIZA-Est. J.M.Bosch,11
204,FFCC URQUIZA,4539,27613,FFCC URQUIZA-Est. J.M.Bosch,11
204,FFCC URQUIZA,4542,27613,FFCC URQUIZA-Est. J.M.Bosch,11
204,FFCC URQUIZA,4508,27539,FFCC URQUIZA-Est Martín Coronado,12
204,FFCC URQUIZA,4503,27539,FFCC URQUIZA-Est Martín Coronado,12
204,FFCC URQUIZA,4573,27539,FFCC URQUIZA-Est Martín Coronado,12
204,FFCC URQUIZA,4555,27654,FFCC URQUIZA-Est. Pablo Podestá,13
204,FFCC URQUIZA,4568,27654,FFCC URQUIZA-Est. Pablo Podestá,13
204,FFCC URQUIZA,4541,27704,FFCC URQUIZA-Est. Jorge Newbery,14
204,FFCC URQUIZA,4514,27537,FFCC URQUIZA-Est. Rubén Darío,15
204,FFCC URQUIZA,4524,27537,FFCC URQUIZA-Est. Rubén Darío,15
204,FFCC URQUIZA,4505,27537,FFCC URQUIZA-Est. Rubén Darío,15
204,FFCC URQUIZA,4556,27537,FFCC URQUIZA-Est. Rubén Darío,15
204,FFCC URQUIZA,4565,27537,FFCC URQUIZA-Est. Rubén Darío,15
204,FFCC URQUIZA,4513,27641,FFCC URQUIZA-Est. Ejército de los Andes,16
204,FFCC URQUIZA,4546,27641,FFCC URQUIZA-Est. Ejército de los Andes,16
204,FFCC URQUIZA,4571,27641,FFCC URQUIZA-Est. Ejército de los Andes,16
204,FFCC URQUIZA,4570,27641,FFCC URQUIZA-Est. Ejército de los Andes,16
204,FFCC URQUIZA,4521,27655,FFCC URQUIZA-Est. Juan B. de Lasalle,17
204,FFCC URQUIZA,4543,27703,FFCC URQUIZA-Est. Sargento Barrufaldi,18
204,FFCC URQUIZA,4530,27656,FFCC URQUIZA-Est. Capitán Lozano,19
204,FFCC URQUIZA,4537,27698,FFCC URQUIZA-Est. Campo de Mayo,21
204,FFCC URQUIZA,4523,27657,FFCC URQUIZA-Est. Sargento Cabral,22
204,FFCC URQUIZA,4525,27625,FFCC URQUIZA-Est. Genral Lemos,23
204,FFCC URQUIZA,4531,27625,FFCC URQUIZA-Est. Genral Lemos,23
204,FFCC URQUIZA,4526,27625,FFCC URQUIZA-Est. Genral Lemos,23
204,FFCC URQUIZA,4534,27625,FFCC URQUIZA-Est. Genral Lemos,23
204,FFCC URQUIZA,4515,27625,FFCC URQUIZA-Est. Genral Lemos,23
204,FFCC URQUIZA,4527,27625,FFCC URQUIZA-Est. Genral Lemos,23
267,SOFSE TREN DEL VALLE,27450,42001,FFCC Tren del Valle Est. Neuquen,100
267,SOFSE TREN DEL VALLE,27453,42001,FFCC Tren del Valle Est. Neuquen,100
267,SOFSE TREN DEL VALLE,27454,42001,FFCC Tren del Valle Est. Neuquen,100
267,SOFSE TREN DEL VALLE,27451,42002,FFCC Tren del Valle Est. Cipolletti,101
267,SOFSE TREN DEL VALLE,27452,42002,FFCC Tren del Valle Est. Cipolletti,101
9994,FERROVIAS,10001,22319,FFCC Belgrano Norte Est. Retiro,1
9994,FERROVIAS,10004,22319,FFCC Belgrano Norte Est. Retiro,1
9994,FERROVIAS,10002,22319,FFCC Belgrano Norte Est. Retiro,1
9994,FERROVIAS,10005,22319,FFCC Belgrano Norte Est. Retiro,1
9994,FERROVIAS,10006,22319,FFCC Belgrano Norte Est. Retiro,1
9994,FERROVIAS,10070,22319,FFCC Belgrano Norte Est. Retiro,1
9994,FERROVIAS,10074,22319,FFCC Belgrano Norte Est. Retiro,1
9994,FERROVIAS,10012,22319,FFCC Belgrano Norte Est. Retiro,1
9994,FERROVIAS,10007,22320,FFCC Belgrano Norte Est. Saldias,2
9994,FERROVIAS,10077,22321,FFCC Belgrano Norte Est. S.Ortiz,3
9994,FERROVIAS,10028,22321,FFCC Belgrano Norte Est. S.Ortiz,3
9994,FERROVIAS,10009,22323,FFCC Belgrano Norte Est. A.del Valle,4
9994,FERROVIAS,10010,22323,FFCC Belgrano Norte Est. A.del Valle,4
9994,FERROVIAS,10011,22323,FFCC Belgrano Norte Est. A.del Valle,4
9994,FERROVIAS,10013,22323,FFCC Belgrano Norte Est. A.del Valle,4
9994,FERROVIAS,10014,22325,FFCC Belgrano Norte Est. M.M. Padilla,5
9994,FERROVIAS,10076,22325,FFCC Belgrano Norte Est. M.M. Padilla,5
9994,FERROVIAS,10015,22326,FFCC Belgrano Norte Est. Florida,6
9994,FERROVIAS,10016,22326,FFCC Belgrano Norte Est. Florida,6
9994,FERROVIAS,10017,22329,FFCC Belgrano Norte Est. Munro,7
9994,FERROVIAS,10069,22329,FFCC Belgrano Norte Est. Munro,7
9994,FERROVIAS,10018,22329,FFCC Belgrano Norte Est. Munro,7
9994,FERROVIAS,10019,22331,FFCC Belgrano Norte Est. Carapachay,8
9994,FERROVIAS,10025,22331,FFCC Belgrano Norte Est. Carapachay,8
9994,FERROVIAS,10020,22332,FFCC Belgrano Norte Est. Adelina,9
9994,FERROVIAS,10023,22332,FFCC Belgrano Norte Est. Adelina,9
9994,FERROVIAS,10021,22332,FFCC Belgrano Norte Est. Adelina,9
9994,FERROVIAS,10022,22332,FFCC Belgrano Norte Est. Adelina,9
9994,FERROVIAS,10024,22334,FFCC Belgrano Norte Est. Boulogne,10
9994,FERROVIAS,10027,22334,FFCC Belgrano Norte Est. Boulogne,10
9994,FERROVIAS,10026,22334,FFCC Belgrano Norte Est. Boulogne,10
9994,FERROVIAS,10073,22334,FFCC Belgrano Norte Est. Boulogne,10
9994,FERROVIAS,10052,22334,FFCC Belgrano Norte Est. Boulogne,10
9994,FERROVIAS,10050,22334,FFCC Belgrano Norte Est. Boulogne,10
9994,FERROVIAS,10029,22336,FFCC Belgrano Norte Est. V.A.Montes,11
9994,FERROVIAS,10030,22337,FFCC Belgrano Norte Est. Don Torcuato,12
9994,FERROVIAS,10033,22337,FFCC Belgrano Norte Est. Don Torcuato,12
9994,FERROVIAS,10034,22337,FFCC Belgrano Norte Est. Don Torcuato,12
9994,FERROVIAS,10032,22337,FFCC Belgrano Norte Est. Don Torcuato,12
9994,FERROVIAS,10031,22337,FFCC Belgrano Norte Est. Don Torcuato,12
9994,FERROVIAS,10035,22338,FFCC Belgrano Norte Est. Ing.Sourdeaux,13
9994,FERROVIAS,10037,22338,FFCC Belgrano Norte Est. Ing.Sourdeaux,13
9994,FERROVIAS,10051,22338,FFCC Belgrano Norte Est. Ing.Sourdeaux,13
9994,FERROVIAS,10038,22339,FFCC Belgrano Norte Est. Villa de Mayo,14
9994,FERROVIAS,10040,22339,FFCC Belgrano Norte Est. Villa de Mayo,14
9994,FERROVIAS,10036,22339,FFCC Belgrano Norte Est. Villa de Mayo,14
9994,FERROVIAS,10049,22339,FFCC Belgrano Norte Est. Villa de Mayo,14
9994,FERROVIAS,10041,22340,FFCC Belgrano Norte Est. Los Polvorines,15
9994,FERROVIAS,10044,22340,FFCC Belgrano Norte Est. Los Polvorines,15
9994,FERROVIAS,10042,22340,FFCC Belgrano Norte Est. Los Polvorines,15
9994,FERROVIAS,10043,22340,FFCC Belgrano Norte Est. Los Polvorines,15
9994,FERROVIAS,10045,22341,FFCC Belgrano Norte Est. Ing.P.Nogues,16
9994,FERROVIAS,10048,22341,FFCC Belgrano Norte Est. Ing.P.Nogues,16
9994,FERROVIAS,10046,22341,FFCC Belgrano Norte Est. Ing.P.Nogues,16
9994,FERROVIAS,10047,22341,FFCC Belgrano Norte Est. Ing.P.Nogues,16
9994,FERROVIAS,10072,22341,FFCC Belgrano Norte Est. Ing.P.Nogues,16
9994,FERROVIAS,10068,22342,FFCC Belgrano Norte Est. Grand Bourg,17
9994,FERROVIAS,10053,22342,FFCC Belgrano Norte Est. Grand Bourg,17
9994,FERROVIAS,10055,22342,FFCC Belgrano Norte Est. Grand Bourg,17
9994,FERROVIAS,10083,22342,FFCC Belgrano Norte Est. Grand Bourg,17
9994,FERROVIAS,10057,22342,FFCC Belgrano Norte Est. Grand Bourg,17
9994,FERROVIAS,10056,22342,FFCC Belgrano Norte Est. Grand Bourg,17
9994,FERROVIAS,10079,22342,FFCC Belgrano Norte Est. Grand Bourg,17
9994,FERROVIAS,10082,22342,FFCC Belgrano Norte Est. Grand Bourg,17
9994,FERROVIAS,10081,22342,FFCC Belgrano Norte Est. Grand Bourg,17
9994,FERROVIAS,10058,22343,FFCC Belgrano Norte Est. Tierras Altas,18
9994,FERROVIAS,10060,22343,FFCC Belgrano Norte Est. Tierras Altas,18
9994,FERROVIAS,10059,22343,FFCC Belgrano Norte Est. Tierras Altas,18
9994,FERROVIAS,10061,22344,FFCC Belgrano Norte Est. Tortuguitas,19
9994,FERROVIAS,10075,22344,FFCC Belgrano Norte Est. Tortuguitas,19
9994,FERROVIAS,10039,22344,FFCC Belgrano Norte Est. Tortuguitas,19
9994,FERROVIAS,10062,22345,FFCC Belgrano Norte Est. M.Alberti,20
9994,FERROVIAS,10063,22345,FFCC Belgrano Norte Est. M.Alberti,20
9994,FERROVIAS,10008,22345,FFCC Belgrano Norte Est. M.Alberti,20
9994,FERROVIAS,10064,22346,FFCC Belgrano Norte Est. Del Viso,21
9994,FERROVIAS,10065,22346,FFCC Belgrano Norte Est. Del Viso,21
9994,FERROVIAS,10066,22346,FFCC Belgrano Norte Est. Del Viso,21
9994,FERROVIAS,10054,22346,FFCC Belgrano Norte Est. Del Viso,21
9994,FERROVIAS,10003,22346,FFCC Belgrano Norte Est. Del Viso,21
9994,FERROVIAS,10067,22347,FFCC Belgrano Norte Est. Villa Rosa,22
9994,FERROVIAS,10071,22347,FFCC Belgrano Norte Est. Villa Rosa,22
